property_id,square_feet,bedrooms,bathrooms,location_type,property_age_years,garage_spaces,has_garden,distance_to_city_center_km,school_rating,price_in_lakhs
PROP-1001,3824,5,4,Suburban,12,1,Yes,11.1,9.0,152.95
PROP-1002,4157,5,4,Suburban,4,1,Yes,16.4,7.2,166.17
PROP-1003,1510,4,3,Suburban,3,2,Yes,11.4,8.3,74.66
PROP-1004,1944,2,1,Urban,27,3,No,6.9,4.1,85.04
PROP-1005,1780,3,3,Suburban,13,2,Yes,17.5,7.9,78.64
PROP-1006,1745,1,1,Suburban,7,3,Yes,9.9,6.8,73.7
PROP-1007,3742,4,3,Suburban,8,0,Yes,16.6,8.2,139.97
PROP-1008,2288,3,2,Urban,34,0,Yes,6.1,8.3,104.4
PROP-1009,2819,3,2,Rural,20,2,Yes,18.6,6.9,80.23
PROP-1010,1116,2,1,Suburban,17,2,Yes,13.5,5.8,41.74
PROP-1011,1888,3,2,Urban,32,1,Yes,1.4,8.0,101.05
PROP-1012,980,1,1,Suburban,7,1,Yes,16.0,6.7,37.24
PROP-1013,2132,3,2,Rural,16,2,Yes,18.0,5.4,54.36
PROP-1014,2785,4,3,Urban,30,0,No,1.4,5.3,124.75
PROP-1015,4094,5,4,Rural,33,1,Yes,21.8,4.4,103.2
PROP-1016,3821,5,3,Suburban,5,1,Yes,12.9,6.0,148.65
PROP-1017,3569,5,3,Suburban,21,1,No,16.3,8.6,125.61
PROP-1018,780,1,1,Urban,13,2,No,6.8,7.1,35.1
PROP-1019,2335,4,3,Urban,2,1,No,3.6,6.0,114.71
PROP-1020,4030,5,4,Rural,11,2,No,16.0,8.1,125.61
PROP-1021,1419,2,2,Urban,11,1,No,5.5,5.5,67.4
PROP-1022,3041,4,3,Suburban,1,1,Yes,12.8,7.0,124.36
PROP-1023,2165,3,2,Urban,1,2,No,3.7,6.5,111.64
PROP-1024,4135,5,4,Urban,14,1,No,2.9,8.0,198.37
PROP-1025,3503,5,4,Urban,22,0,No,4.0,4.3,164.88
PROP-1026,3083,4,3,Suburban,28,0,No,10.1,5.4,113.29
PROP-1027,1865,3,2,Rural,16,1,No,27.9,4.2,41.92
PROP-1028,1605,2,2,Urban,31,1,No,4.3,6.4,68.25
PROP-1029,2974,4,4,Urban,6,2,No,6.3,8.7,148.92
PROP-1030,1834,2,2,Urban,29,2,No,4.3,6.0,79.52
PROP-1031,1109,2,2,Suburban,27,2,Yes,8.9,6.0,43.43
PROP-1032,4035,5,3,Suburban,13,1,Yes,16.2,8.2,159.38
PROP-1033,671,1,1,Rural,29,1,Yes,24.5,8.5,15.0
PROP-1034,2950,4,4,Suburban,16,1,Yes,8.5,6.7,120.61
PROP-1035,1397,3,2,Suburban,31,0,Yes,13.5,7.9,50.38
PROP-1036,3554,4,3,Urban,5,0,No,3.1,5.1,171.64
PROP-1037,1124,1,1,Rural,23,1,Yes,29.4,9.0,19.4
PROP-1038,1732,2,1,Urban,5,3,Yes,3.7,10.0,99.37
PROP-1039,3208,4,3,Urban,26,0,No,5.4,7.6,145.48
PROP-1040,2697,5,3,Suburban,17,0,Yes,7.1,3.5,102.44
PROP-1041,4197,5,4,Suburban,23,2,No,10.8,5.9,158.3
PROP-1042,3397,4,3,Suburban,23,1,No,17.8,7.8,127.36
PROP-1043,1625,3,2,Suburban,33,2,Yes,15.7,6.1,51.63
PROP-1044,2456,2,1,Suburban,14,2,Yes,7.9,8.8,99.09
PROP-1045,839,2,1,Urban,10,3,No,2.7,7.7,55.04
PROP-1046,3655,4,3,Suburban,21,1,Yes,10.0,5.7,139.16
PROP-1047,3384,5,3,Suburban,23,2,Yes,13.8,6.9,133.49
PROP-1048,3655,4,3,Suburban,0,1,Yes,15.1,5.4,143.71
PROP-1049,1212,1,1,Suburban,17,2,Yes,15.0,6.5,47.41
PROP-1050,2549,3,2,Urban,11,1,No,4.1,5.9,117.78
PROP-1051,1917,3,2,Suburban,27,0,Yes,15.7,8.7,62.94
PROP-1052,3529,5,3,Suburban,6,1,No,11.2,10.0,142.04
PROP-1053,2178,3,2,Urban,22,1,Yes,1.7,4.5,96.23
PROP-1054,3852,5,4,Suburban,20,2,No,12.8,3.7,146.11
PROP-1055,1296,3,2,Rural,33,2,Yes,31.2,6.4,30.46
PROP-1056,2718,4,3,Suburban,10,2,No,15.5,4.4,99.93
PROP-1057,3538,5,4,Rural,21,0,Yes,24.8,6.9,97.95
PROP-1058,2864,4,3,Urban,34,2,No,4.9,8.0,135.46
PROP-1059,1947,2,2,Urban,28,1,No,6.6,9.2,89.38
PROP-1060,3085,4,2,Urban,27,2,No,3.6,7.1,146.42
PROP-1061,1250,1,1,Suburban,17,3,No,10.0,6.5,47.4
PROP-1062,3013,5,3,Urban,13,0,No,6.9,3.6,139.68
PROP-1063,2711,5,3,Urban,17,2,Yes,6.2,6.8,142.64
PROP-1064,891,2,1,Rural,27,0,Yes,20.5,6.9,16.77
PROP-1065,2691,4,2,Suburban,23,1,Yes,11.6,7.8,100.12
PROP-1066,3474,5,4,Suburban,7,1,No,11.0,5.7,139.86
PROP-1067,4067,5,4,Urban,7,0,No,1.9,6.1,193.45
PROP-1068,3262,5,4,Urban,3,2,No,6.7,4.4,163.23
PROP-1069,3595,5,3,Urban,26,0,No,3.4,3.1,165.72
PROP-1070,2013,3,3,Suburban,4,0,No,16.5,5.0,69.65
PROP-1071,2789,4,3,Rural,32,1,No,18.2,4.3,69.78
PROP-1072,2040,3,3,Suburban,33,2,No,12.6,7.3,74.03
PROP-1073,3653,5,3,Urban,29,3,No,1.1,6.0,173.84
PROP-1074,2128,2,2,Suburban,7,2,No,15.2,5.9,77.84
PROP-1075,4149,5,4,Urban,25,2,No,4.5,5.2,196.35
PROP-1076,3206,5,4,Urban,33,1,No,4.8,2.0,142.06
PROP-1077,1425,1,1,Suburban,6,0,Yes,6.6,9.2,66.49
PROP-1078,684,1,1,Suburban,27,0,Yes,8.5,5.2,15.0
PROP-1079,2903,3,2,Urban,27,1,No,1.4,6.1,136.35
PROP-1080,3802,5,2,Urban,13,2,Yes,2.7,4.5,185.12
PROP-1081,2605,5,4,Rural,3,1,Yes,25.7,8.4,81.52
PROP-1082,2235,3,2,Urban,17,2,No,4.4,7.0,109.47
PROP-1083,4109,5,4,Urban,24,1,Yes,4.7,5.5,199.62
PROP-1084,3723,4,3,Urban,6,0,No,4.3,6.2,181.25
PROP-1085,1671,4,3,Urban,27,0,No,2.6,9.5,89.05
PROP-1086,4111,5,4,Urban,4,2,Yes,2.5,6.7,221.26
PROP-1087,3263,5,4,Suburban,2,2,Yes,7.6,6.5,140.2
PROP-1088,1779,3,3,Urban,30,2,No,6.1,5.3,79.47
PROP-1089,2150,3,3,Suburban,19,0,No,13.4,3.8,72.5
PROP-1090,1352,1,1,Suburban,18,3,Yes,8.2,6.5,52.7
PROP-1091,3099,4,3,Suburban,10,1,Yes,8.1,7.3,128.02
PROP-1092,3427,5,4,Rural,2,0,Yes,29.8,8.6,99.08
PROP-1093,2229,2,2,Rural,22,3,Yes,27.6,3.2,61.74
PROP-1094,811,2,2,Urban,6,1,No,5.0,5.0,44.68
PROP-1095,851,1,1,Suburban,22,2,Yes,10.9,5.9,23.62
PROP-1096,2631,4,3,Suburban,6,0,Yes,9.1,6.8,103.62
PROP-1097,1645,2,2,Rural,33,1,Yes,31.7,6.6,33.87
PROP-1098,2967,4,3,Suburban,18,3,No,15.6,6.6,116.88
PROP-1099,1465,3,2,Rural,8,1,Yes,20.1,7.5,41.59
PROP-1100,3992,5,3,Suburban,17,2,Yes,16.2,5.4,153.3
PROP-1101,1105,1,1,Urban,24,0,Yes,5.6,8.3,42.96
PROP-1102,4183,5,3,Suburban,13,2,No,9.6,7.5,161.6
PROP-1103,1925,3,2,Rural,24,1,Yes,22.3,6.3,53.04
PROP-1104,1666,3,2,Rural,18,1,No,18.2,9.4,45.47
PROP-1105,2993,4,3,Urban,14,1,No,1.7,9.3,145.43
PROP-1106,3417,5,3,Suburban,15,0,No,14.7,8.3,128.06
PROP-1107,987,1,1,Urban,26,3,No,2.6,2.0,37.27
PROP-1108,1528,3,3,Urban,9,1,No,5.9,9.3,84.76
PROP-1109,1726,2,1,Suburban,3,1,Yes,17.9,8.1,63.96
PROP-1110,1441,2,2,Urban,18,1,No,1.5,10.0,71.83
PROP-1111,2914,5,3,Suburban,27,1,No,11.7,8.8,102.86
PROP-1112,1413,2,1,Urban,20,2,No,5.8,9.3,70.36
PROP-1113,2885,5,4,Suburban,13,3,Yes,15.5,8.2,121.76
PROP-1114,1029,2,2,Urban,32,1,No,5.6,9.0,42.56
PROP-1115,1142,2,1,Urban,9,2,No,3.1,10.0,65.23
PROP-1116,3762,5,3,Urban,18,1,No,3.7,7.1,184.95
PROP-1117,1830,2,2,Urban,29,0,No,4.6,4.3,74.05
PROP-1118,2712,4,2,Urban,21,2,No,6.8,6.3,129.65
PROP-1119,714,1,1,Urban,2,1,No,3.0,7.4,40.59
PROP-1120,3218,5,4,Suburban,17,2,Yes,17.1,6.9,122.9
PROP-1121,2017,3,3,Urban,10,2,No,2.6,4.8,108.83
PROP-1122,1802,3,2,Suburban,1,1,Yes,17.9,4.2,67.04
PROP-1123,2677,4,3,Urban,11,3,No,5.0,5.6,137.68
PROP-1124,3345,5,4,Rural,5,2,Yes,22.9,8.1,110.93
PROP-1125,2145,4,3,Rural,28,1,Yes,25.4,9.3,59.84
PROP-1126,3784,5,4,Suburban,29,2,Yes,9.3,8.3,150.76
PROP-1127,1812,2,1,Urban,1,1,No,2.6,8.5,94.16
PROP-1128,2172,4,3,Urban,8,3,Yes,1.7,6.7,116.46
PROP-1129,3290,4,3,Rural,1,2,Yes,16.9,4.0,100.33
PROP-1130,1041,2,2,Urban,28,0,No,3.1,6.1,41.24
PROP-1131,2348,3,2,Urban,32,1,No,5.6,6.4,102.49
PROP-1132,1068,2,1,Urban,9,2,No,4.6,6.0,49.85
PROP-1133,2986,4,2,Urban,33,0,No,1.6,6.9,138.89
PROP-1134,1028,2,2,Urban,7,0,No,6.1,7.5,57.26
PROP-1135,2446,4,3,Suburban,32,1,Yes,13.2,8.2,94.96
PROP-1136,2928,3,3,Urban,5,1,Yes,6.8,6.4,150.48
PROP-1137,3715,5,4,Suburban,18,1,Yes,14.0,3.8,137.56
PROP-1138,2738,5,4,Urban,31,1,No,2.1,6.0,129.08
PROP-1139,3749,5,4,Urban,26,0,No,3.8,6.9,173.79
PROP-1140,2832,4,3,Rural,0,2,Yes,26.0,8.8,93.88
PROP-1141,850,1,1,Urban,32,1,No,1.2,5.9,33.26
PROP-1142,2513,4,3,Suburban,31,1,No,6.2,7.6,92.98
PROP-1143,1429,2,1,Suburban,4,1,No,7.6,7.3,61.2
PROP-1144,3627,5,4,Urban,16,1,No,2.5,6.9,179.68
PROP-1145,3754,5,3,Rural,7,0,No,22.3,8.3,105.46
PROP-1146,3769,5,3,Urban,33,0,No,3.9,5.7,168.57
PROP-1147,1152,1,1,Rural,8,0,No,17.3,5.9,26.36
PROP-1148,3104,3,3,Urban,22,2,No,5.0,6.8,150.86
PROP-1149,2401,4,3,Rural,34,2,Yes,25.1,5.8,64.23
PROP-1150,1454,2,2,Urban,6,2,Yes,2.8,7.6,88.74
PROP-1151,2796,3,1,Suburban,14,2,Yes,6.2,5.7,113.58
PROP-1152,3381,4,3,Suburban,19,2,Yes,6.9,7.2,135.66
PROP-1153,2545,3,2,Rural,24,1,Yes,21.7,6.6,63.85
PROP-1154,3423,5,4,Rural,2,2,Yes,17.6,7.1,108.39
PROP-1155,2220,3,2,Suburban,23,0,Yes,10.5,6.1,77.66
PROP-1156,1610,2,2,Rural,33,2,Yes,25.7,6.3,38.04
PROP-1157,3310,4,3,Urban,21,2,No,4.3,7.0,166.12
PROP-1158,2135,2,2,Urban,10,1,No,2.4,7.1,105.44
PROP-1159,3340,4,3,Urban,7,1,No,3.1,6.8,168.62
PROP-1160,1678,2,1,Urban,34,1,No,4.7,9.5,73.58
PROP-1161,3939,5,4,Urban,7,2,No,6.2,5.2,195.94
PROP-1162,1152,2,2,Suburban,26,2,Yes,15.0,6.7,44.33
PROP-1163,3464,5,4,Urban,27,2,Yes,4.3,4.3,161.24
PROP-1164,1047,1,1,Suburban,33,1,Yes,10.3,7.4,30.64
PROP-1165,1520,4,3,Urban,31,2,Yes,3.2,5.0,80.46
PROP-1166,3492,5,4,Urban,14,1,No,6.3,6.4,171.14
PROP-1167,1042,2,2,Suburban,16,2,Yes,6.5,6.2,41.32
PROP-1168,856,2,2,Suburban,32,1,Yes,17.9,7.2,16.78
PROP-1169,1688,1,1,Suburban,15,1,Yes,14.0,5.9,56.29
PROP-1170,2531,4,3,Suburban,28,1,No,14.2,5.8,87.73
PROP-1171,3589,5,3,Urban,8,2,Yes,1.2,9.1,185.38
PROP-1172,2134,3,2,Suburban,32,3,Yes,13.3,7.3,80.65
PROP-1173,1513,2,2,Urban,28,0,No,3.9,5.9,65.56
PROP-1174,3440,5,4,Urban,12,0,Yes,1.6,6.4,175.08
PROP-1175,3962,5,3,Suburban,20,3,Yes,9.3,9.4,152.6
PROP-1176,1213,2,2,Urban,20,1,No,6.3,6.4,50.88
PROP-1177,1670,2,2,Urban,4,2,Yes,4.3,5.7,87.83
PROP-1178,745,1,2,Rural,9,1,Yes,22.0,5.7,19.92
PROP-1179,2573,4,3,Rural,5,0,Yes,16.2,5.9,80.34
PROP-1180,2407,4,3,Urban,12,2,No,5.3,5.8,122.17
PROP-1181,3182,5,3,Urban,0,2,No,5.2,4.8,159.45
PROP-1182,4128,5,3,Urban,19,1,Yes,4.7,5.0,196.5
PROP-1183,2928,4,3,Urban,7,1,No,4.1,5.5,141.02
PROP-1184,3446,5,3,Rural,9,2,Yes,22.4,7.7,109.95
PROP-1185,2328,5,4,Urban,8,0,No,4.6,6.2,115.34
PROP-1186,3892,5,3,Suburban,2,2,Yes,8.8,6.5,161.98
PROP-1187,1190,1,1,Urban,10,1,No,6.6,8.8,58.61
PROP-1188,1709,3,2,Rural,11,1,Yes,25.0,8.9,50.73
PROP-1189,3222,4,3,Urban,9,3,No,2.9,6.3,160.5
PROP-1190,1833,3,3,Suburban,24,2,No,11.4,5.8,62.11
PROP-1191,2372,4,4,Urban,24,1,No,5.8,5.4,110.31
PROP-1192,3964,5,3,Suburban,10,2,Yes,7.9,7.9,159.78
PROP-1193,3807,5,4,Urban,25,1,No,2.8,6.5,173.67
PROP-1194,2469,4,3,Urban,13,1,No,5.1,6.2,120.42
PROP-1195,3275,4,3,Rural,0,3,Yes,20.4,5.5,107.55
PROP-1196,3379,4,3,Rural,3,2,Yes,28.5,5.6,101.12
PROP-1197,3254,5,4,Rural,29,2,Yes,17.2,7.3,96.36
PROP-1198,2247,3,3,Suburban,11,1,No,15.2,4.7,80.55
PROP-1199,3710,5,3,Suburban,34,0,Yes,6.8,8.4,136.81
PROP-1200,3343,5,4,Urban,12,0,Yes,1.1,5.9,168.43
PROP-1201,1445,2,2,Urban,30,1,No,6.4,6.6,67.51
PROP-1202,1701,2,1,Urban,22,2,No,4.5,4.7,79.07
PROP-1203,2293,1,1,Suburban,3,1,Yes,10.2,6.8,88.93
PROP-1204,2013,2,1,Urban,15,2,No,2.4,6.3,94.29
PROP-1205,2631,4,3,Urban,6,0,No,4.7,6.7,132.26
PROP-1206,2004,3,2,Suburban,21,1,Yes,12.1,9.2,72.58
PROP-1207,2313,4,2,Suburban,28,1,No,17.9,7.1,77.54
PROP-1208,2179,2,2,Urban,10,1,No,6.9,5.5,103.12
PROP-1209,2688,3,3,Urban,32,0,Yes,4.8,5.7,124.62
PROP-1210,4069,5,4,Urban,28,3,No,3.7,7.8,201.3
PROP-1211,2146,3,2,Urban,11,1,No,3.9,8.9,109.18
PROP-1212,3952,5,4,Urban,6,3,No,5.1,7.3,200.31
PROP-1213,2887,5,3,Suburban,25,1,Yes,7.2,7.9,116.8
PROP-1214,3946,5,3,Suburban,8,3,Yes,9.9,7.8,159.02
PROP-1215,2058,3,2,Suburban,33,1,Yes,6.9,9.1,75.34
PROP-1216,2050,3,2,Urban,12,3,No,1.4,3.7,102.24
PROP-1217,1956,3,2,Suburban,24,0,Yes,8.4,7.9,73.79
PROP-1218,3330,5,4,Urban,23,2,Yes,3.9,8.4,163.75
PROP-1219,3325,5,4,Suburban,16,3,Yes,15.4,4.7,133.01
PROP-1220,1622,3,2,Suburban,1,0,Yes,11.8,5.4,67.71
PROP-1221,2418,3,2,Urban,12,0,No,3.0,5.4,112.41
PROP-1222,1932,3,2,Urban,30,1,No,1.5,5.6,95.64
PROP-1223,4080,5,4,Rural,28,3,Yes,24.4,6.0,115.17
PROP-1224,1359,1,1,Urban,27,1,No,2.6,7.2,57.19
PROP-1225,2129,3,2,Suburban,26,1,Yes,13.4,8.2,77.29
PROP-1226,2084,3,2,Urban,14,0,Yes,6.9,8.5,103.15
PROP-1227,1298,2,2,Suburban,30,0,No,7.3,5.5,37.27
PROP-1228,967,2,2,Urban,14,2,No,2.3,5.4,45.13
PROP-1229,3946,5,4,Urban,32,0,No,3.8,8.9,184.03
PROP-1230,1907,3,3,Suburban,19,2,Yes,17.6,7.8,74.7
PROP-1231,1333,2,1,Urban,11,3,Yes,5.6,6.9,77.09
PROP-1232,1313,1,1,Urban,8,1,Yes,6.4,7.6,74.21
PROP-1233,2648,4,3,Urban,22,2,No,3.0,6.8,134.75
PROP-1234,4095,5,3,Urban,7,0,No,7.0,7.6,194.39
PROP-1235,2281,4,3,Urban,31,2,No,1.6,6.3,107.62
PROP-1236,2145,2,2,Urban,13,0,No,1.3,7.2,100.92
PROP-1237,3954,5,4,Rural,26,2,Yes,29.5,4.4,113.47
PROP-1238,1786,3,3,Urban,24,1,No,6.6,5.7,81.75
PROP-1239,2503,4,3,Suburban,12,1,Yes,7.1,5.7,96.5
PROP-1240,2170,3,3,Urban,20,1,No,1.7,6.2,102.83
PROP-1241,3139,5,4,Urban,30,0,No,1.2,5.3,149.27
PROP-1242,1213,2,1,Rural,4,2,No,16.8,5.9,37.12
PROP-1243,1941,3,2,Urban,12,1,Yes,2.3,4.4,95.99
PROP-1244,4107,5,3,Rural,27,2,Yes,31.5,7.7,115.43
PROP-1245,4108,5,4,Urban,24,0,Yes,5.0,6.7,188.48
PROP-1246,3834,5,4,Suburban,34,2,Yes,15.3,4.1,139.16
PROP-1247,2286,3,2,Suburban,6,0,Yes,15.3,5.5,87.61
PROP-1248,3649,5,4,Rural,31,1,Yes,24.1,7.3,98.83
PROP-1249,3802,5,3,Suburban,2,1,Yes,15.6,5.9,145.77
PROP-1250,1348,2,1,Suburban,21,2,Yes,13.1,5.7,41.56
PROP-1251,2810,3,2,Urban,7,1,Yes,2.9,6.7,146.31
PROP-1252,651,2,2,Urban,16,2,Yes,4.4,7.3,38.27
PROP-1253,1291,2,1,Rural,26,2,Yes,24.1,4.5,26.75
PROP-1254,2917,4,3,Urban,32,0,Yes,5.9,7.7,139.0
PROP-1255,2239,3,3,Urban,16,2,No,6.9,5.5,113.15
PROP-1256,1504,2,1,Suburban,11,0,Yes,10.9,6.8,54.91
PROP-1257,2409,3,2,Urban,26,1,No,5.6,6.7,107.81
PROP-1258,3946,4,3,Rural,7,2,Yes,16.7,6.0,120.65
PROP-1259,3082,5,4,Suburban,22,2,No,15.3,5.2,119.27
PROP-1260,4124,5,4,Suburban,28,2,Yes,10.5,6.3,156.74
PROP-1261,2311,2,2,Rural,19,1,Yes,15.7,9.4,64.38
PROP-1262,1803,2,1,Urban,15,1,Yes,3.2,4.6,79.72
PROP-1263,1726,2,2,Urban,16,0,Yes,4.7,9.5,82.82
PROP-1264,2357,3,2,Suburban,15,2,Yes,7.4,6.4,97.22
PROP-1265,3427,5,3,Urban,18,1,No,6.5,6.9,163.38
PROP-1266,2345,4,3,Suburban,7,2,Yes,6.9,5.1,97.17
PROP-1267,2383,4,4,Rural,28,1,Yes,30.8,5.6,57.57
PROP-1268,2089,4,3,Suburban,25,1,Yes,14.5,6.0,78.06
PROP-1269,2944,4,4,Urban,30,1,No,3.0,5.1,136.05
PROP-1270,1485,1,1,Rural,11,0,Yes,21.6,6.5,33.41
PROP-1271,4160,5,4,Suburban,16,1,Yes,14.9,6.1,162.91
PROP-1272,852,2,2,Suburban,14,2,Yes,13.2,9.8,46.71
PROP-1273,3905,5,3,Urban,8,2,Yes,5.0,4.9,188.61
PROP-1274,772,2,2,Rural,11,1,Yes,21.6,7.0,23.36
PROP-1275,1050,2,2,Suburban,31,1,No,11.9,7.2,29.1
PROP-1276,1416,2,2,Suburban,24,0,Yes,17.9,5.1,41.68
PROP-1277,943,1,1,Suburban,17,2,No,8.6,7.9,36.1
PROP-1278,2977,4,4,Urban,14,0,Yes,3.5,6.2,146.9
PROP-1279,3581,5,4,Suburban,31,3,Yes,9.5,2.8,135.63
PROP-1280,847,1,1,Suburban,5,1,Yes,15.2,7.9,36.66
PROP-1281,3679,5,4,Urban,34,1,No,5.6,5.0,169.87
PROP-1282,2580,3,3,Suburban,33,3,Yes,9.5,5.1,93.78
PROP-1283,3449,5,3,Rural,4,0,Yes,16.4,7.9,105.74
PROP-1284,2841,4,3,Suburban,17,1,Yes,6.1,6.2,107.31
PROP-1285,1258,2,2,Suburban,15,1,No,11.1,8.3,44.64
PROP-1286,3922,5,4,Suburban,7,1,Yes,10.9,8.7,166.38
PROP-1287,1797,3,3,Suburban,24,1,No,17.9,5.8,56.74
PROP-1288,836,2,2,Urban,31,2,No,3.8,8.1,36.44
PROP-1289,4047,5,4,Urban,25,2,No,2.5,5.6,195.15
PROP-1290,3161,5,3,Suburban,21,0,Yes,16.7,10.0,121.2
PROP-1291,4070,5,4,Suburban,30,3,Yes,11.9,5.7,154.78
PROP-1292,2444,4,3,Suburban,9,0,Yes,13.2,8.4,103.4
PROP-1293,1309,3,2,Suburban,11,1,No,7.1,8.2,57.19
PROP-1294,3461,5,3,Urban,27,1,Yes,3.3,7.3,166.93
PROP-1295,3652,5,4,Suburban,5,0,Yes,17.3,5.7,138.8
PROP-1296,2605,4,3,Urban,19,0,No,4.5,6.6,121.47
PROP-1297,3100,5,4,Suburban,4,3,Yes,10.1,3.4,132.33
PROP-1298,2019,2,1,Suburban,22,1,No,13.5,7.2,65.77
PROP-1299,2636,3,2,Urban,8,0,No,6.5,7.4,118.84
PROP-1300,2184,3,2,Urban,28,0,Yes,2.6,7.0,102.24
PROP-1301,796,1,1,Suburban,15,2,Yes,12.1,2.0,18.48
PROP-1302,3869,5,4,Suburban,21,2,Yes,17.5,4.8,152.71
PROP-1303,3561,4,3,Urban,7,1,Yes,2.0,5.6,173.85
PROP-1304,2384,4,3,Rural,19,0,Yes,27.2,7.3,63.37
PROP-1305,2493,3,3,Suburban,13,1,Yes,13.4,7.3,98.04
PROP-1306,1138,2,1,Rural,33,0,No,26.6,6.5,15.0
PROP-1307,3626,5,3,Suburban,10,0,Yes,10.2,7.8,141.61
PROP-1308,2609,4,3,Suburban,32,1,No,9.8,5.2,92.12
PROP-1309,2313,3,2,Rural,30,1,Yes,26.6,7.8,62.53
PROP-1310,3248,4,3,Suburban,33,1,Yes,8.6,7.6,123.69
PROP-1311,3035,5,4,Suburban,6,1,No,11.0,7.4,127.86
PROP-1312,3569,5,4,Urban,22,3,No,2.1,6.5,174.22
PROP-1313,1290,2,1,Suburban,6,3,Yes,6.1,9.7,65.51
PROP-1314,2452,3,2,Urban,24,1,No,6.8,7.6,113.65
PROP-1315,3170,5,3,Urban,2,1,Yes,3.6,5.3,163.81
PROP-1316,2619,4,3,Urban,19,1,No,6.8,7.2,130.81
PROP-1317,2848,4,3,Urban,33,1,No,1.8,8.0,133.83
PROP-1318,2088,3,2,Rural,29,2,Yes,25.0,5.9,50.57
PROP-1319,4019,5,3,Urban,16,1,Yes,2.2,8.5,202.46
PROP-1320,2284,3,2,Suburban,9,2,Yes,15.5,7.4,84.85
PROP-1321,912,3,3,Suburban,34,3,Yes,15.4,3.1,29.85
PROP-1322,2437,3,2,Suburban,19,1,No,7.4,7.3,89.79
PROP-1323,2841,4,3,Urban,17,1,No,6.5,6.2,132.18
PROP-1324,3043,5,4,Suburban,26,0,Yes,8.3,7.7,122.1
PROP-1325,1273,1,1,Suburban,22,1,Yes,13.4,8.3,40.37
PROP-1326,1666,2,1,Suburban,31,1,Yes,17.8,7.1,51.83
PROP-1327,1530,2,2,Suburban,9,1,Yes,16.6,9.5,63.4
PROP-1328,2699,4,3,Rural,10,2,Yes,31.3,6.5,82.38
PROP-1329,3594,5,4,Suburban,5,0,Yes,10.1,7.8,145.32
PROP-1330,1977,2,1,Urban,33,1,Yes,1.6,8.1,95.12
PROP-1331,2951,4,2,Suburban,16,2,Yes,8.3,6.6,119.16
PROP-1332,1102,1,1,Urban,11,2,No,4.0,8.0,56.7
PROP-1333,3758,5,4,Rural,20,1,Yes,28.5,5.8,100.63
PROP-1334,1833,3,3,Urban,18,2,No,1.9,6.1,87.5
PROP-1335,3712,5,4,Urban,2,1,No,5.0,4.7,183.37
PROP-1336,2706,4,3,Suburban,17,1,Yes,9.9,7.2,105.11
PROP-1337,3954,5,4,Suburban,18,0,No,10.1,7.3,151.29
PROP-1338,3820,5,4,Urban,5,1,No,5.0,8.7,195.25
PROP-1339,2332,4,3,Suburban,15,2,Yes,11.6,8.1,96.91
PROP-1340,3513,5,4,Rural,7,2,No,28.8,6.3,98.01
PROP-1341,2905,4,3,Urban,17,2,No,1.9,4.9,143.14
PROP-1342,1804,3,2,Rural,11,1,No,28.4,7.5,41.94
PROP-1343,1053,1,1,Urban,9,0,No,1.4,8.6,49.55
PROP-1344,2849,5,4,Suburban,6,0,Yes,8.3,8.0,116.59
PROP-1345,2751,4,3,Suburban,0,1,Yes,13.9,8.5,114.66
PROP-1346,3841,5,4,Urban,20,2,No,6.1,6.5,190.27
PROP-1347,2346,3,2,Suburban,23,2,Yes,9.0,6.1,89.26
PROP-1348,1277,3,2,Urban,24,1,Yes,3.0,5.6,62.01
PROP-1349,1236,2,1,Suburban,6,1,Yes,12.4,6.7,44.2
PROP-1350,2298,5,4,Suburban,16,1,Yes,8.5,6.7,99.0
PROP-1351,2093,3,2,Suburban,28,1,Yes,15.7,7.1,70.96
PROP-1352,2095,3,2,Urban,29,1,Yes,5.6,6.6,98.69
PROP-1353,753,1,1,Urban,6,0,No,1.9,6.6,35.45
PROP-1354,903,1,1,Urban,32,0,No,3.8,5.6,33.4
PROP-1355,3948,5,4,Urban,6,0,No,5.6,8.3,193.99
PROP-1356,3833,5,4,Suburban,23,0,Yes,10.0,6.9,145.07
PROP-1357,3207,5,3,Rural,10,0,Yes,25.8,6.5,93.39
PROP-1358,2146,3,2,Suburban,8,2,Yes,6.6,5.6,96.18
PROP-1359,748,1,1,Suburban,11,1,Yes,13.3,4.7,27.77
PROP-1360,2850,5,4,Rural,34,3,No,17.6,8.9,85.48
PROP-1361,2534,3,1,Suburban,3,0,Yes,16.0,7.7,95.66
PROP-1362,3611,5,4,Rural,27,1,No,21.0,4.2,93.53
PROP-1363,2569,3,3,Suburban,12,1,Yes,9.4,8.0,100.13
PROP-1364,1527,2,1,Urban,22,0,No,6.0,8.3,65.52
PROP-1365,987,2,2,Urban,18,2,No,1.3,7.0,49.6
PROP-1366,3519,5,4,Suburban,23,0,Yes,10.8,9.4,139.82
PROP-1367,3884,5,4,Urban,15,3,Yes,3.2,7.1,195.34
PROP-1368,1606,3,2,Urban,32,2,No,2.7,4.5,76.78
PROP-1369,2354,2,2,Suburban,11,1,No,16.9,7.4,85.9
PROP-1370,810,1,1,Suburban,33,1,Yes,15.0,7.2,20.93
PROP-1371,2253,2,2,Suburban,6,2,Yes,6.8,5.8,91.37
PROP-1372,3498,5,4,Urban,10,1,No,5.3,7.7,172.59
PROP-1373,1047,1,1,Urban,30,2,No,4.2,4.1,41.19
PROP-1374,1950,4,3,Suburban,28,0,No,16.8,8.4,71.31
PROP-1375,1465,1,1,Rural,12,0,Yes,20.3,5.4,30.02
PROP-1376,2177,3,2,Suburban,30,1,Yes,12.9,5.2,69.17
PROP-1377,2569,4,3,Rural,1,1,Yes,23.5,6.6,82.11
PROP-1378,2065,3,2,Suburban,14,2,Yes,11.9,7.5,84.63
PROP-1379,1808,3,2,Suburban,10,0,Yes,11.5,7.1,66.75
PROP-1380,1868,2,1,Urban,33,2,No,2.2,5.6,78.81
PROP-1381,1050,2,1,Suburban,3,1,Yes,15.1,6.0,38.65
PROP-1382,1289,2,2,Suburban,10,1,Yes,11.4,5.0,47.07
PROP-1383,3754,5,3,Suburban,28,1,No,17.5,6.4,131.18
PROP-1384,3385,4,3,Suburban,1,1,Yes,9.1,8.5,138.76
PROP-1385,1109,2,1,Suburban,15,0,No,14.2,6.8,31.85
PROP-1386,1604,2,1,Urban,12,1,No,6.6,8.2,74.28
PROP-1387,1119,1,2,Suburban,16,2,No,14.0,9.1,41.44
PROP-1388,4096,5,4,Urban,20,1,No,6.2,5.9,194.73
PROP-1389,1695,2,1,Suburban,18,1,Yes,15.9,6.5,57.56
PROP-1390,3447,5,4,Urban,6,2,Yes,3.2,10.0,189.02
PROP-1391,2343,2,2,Urban,7,2,Yes,4.6,9.1,124.56
PROP-1392,2735,4,3,Suburban,12,1,Yes,7.9,4.1,100.91
PROP-1393,2927,3,2,Suburban,1,1,Yes,12.4,7.4,117.94
PROP-1394,4086,5,4,Suburban,10,2,Yes,8.8,6.8,167.01
PROP-1395,1212,2,1,Urban,23,1,No,5.5,8.1,53.9
PROP-1396,3135,4,3,Suburban,5,1,Yes,12.3,5.6,117.95
PROP-1397,2449,4,3,Urban,25,1,No,3.5,5.5,115.27
PROP-1398,4004,5,4,Rural,6,2,Yes,19.6,5.7,123.95
PROP-1399,2724,5,4,Rural,18,0,Yes,32.0,5.9,68.92
PROP-1400,875,1,1,Suburban,5,3,Yes,6.9,8.1,40.08
PROP-1401,3998,5,4,Urban,28,0,Yes,1.3,4.9,188.94
PROP-1402,1447,2,2,Suburban,1,2,Yes,8.6,5.8,63.19
PROP-1403,2981,3,2,Urban,18,1,Yes,6.8,3.9,136.2
PROP-1404,3576,5,3,Suburban,3,1,Yes,17.8,8.4,142.59
PROP-1405,1609,2,1,Urban,5,2,Yes,4.9,8.8,84.43
PROP-1406,2154,4,3,Rural,27,1,Yes,30.0,6.3,52.42
PROP-1407,1102,2,2,Urban,29,1,No,2.3,6.3,50.82
PROP-1408,3717,4,3,Suburban,6,0,No,17.7,7.5,135.43
PROP-1409,1465,2,2,Suburban,8,0,No,7.7,9.2,52.58
PROP-1410,1308,2,1,Suburban,24,1,Yes,7.2,7.5,47.28
PROP-1411,1196,2,1,Urban,32,2,No,1.7,5.7,48.35
PROP-1412,1865,3,2,Rural,0,0,Yes,24.7,4.2,51.08
PROP-1413,3770,5,4,Suburban,5,0,Yes,15.4,5.0,145.55
PROP-1414,666,1,1,Suburban,17,1,Yes,10.4,6.9,18.47
PROP-1415,3893,5,3,Urban,9,2,No,6.9,5.8,192.27
PROP-1416,1893,3,2,Suburban,27,2,Yes,11.2,7.1,68.13
PROP-1417,2855,4,2,Suburban,10,0,Yes,7.8,5.9,115.41
PROP-1418,3174,5,3,Urban,32,0,No,3.8,5.1,143.68
PROP-1419,1719,2,1,Urban,0,3,No,5.1,4.9,83.39
PROP-1420,4094,5,4,Suburban,12,1,Yes,16.0,9.3,157.66
PROP-1421,3215,5,4,Urban,19,2,Yes,3.8,8.2,167.56
PROP-1422,2796,4,3,Urban,0,2,No,4.6,9.6,147.46
PROP-1423,2418,3,3,Suburban,2,2,Yes,9.2,7.7,103.97
PROP-1424,1710,2,2,Suburban,17,0,No,13.8,6.1,61.1
PROP-1425,2977,4,3,Urban,13,2,No,6.9,8.9,146.98
PROP-1426,4070,5,4,Suburban,30,2,Yes,6.6,6.7,157.59
PROP-1427,3194,4,3,Urban,26,1,No,6.3,7.2,154.2
PROP-1428,951,1,1,Urban,16,1,Yes,4.4,6.7,47.78
PROP-1429,830,1,1,Urban,28,1,Yes,2.5,2.1,25.14
PROP-1430,1256,2,2,Suburban,25,0,Yes,17.5,9.4,44.96
PROP-1431,3820,5,4,Urban,16,1,No,3.9,7.6,183.12
PROP-1432,1349,3,2,Urban,21,1,Yes,3.0,7.3,75.46
PROP-1433,1642,1,1,Suburban,24,1,Yes,8.2,6.7,53.86
PROP-1434,1789,4,3,Suburban,1,1,Yes,8.9,7.1,91.92
PROP-1435,840,1,1,Urban,21,1,Yes,6.0,5.8,42.77
PROP-1436,2950,4,4,Suburban,4,2,Yes,13.4,7.8,121.28
PROP-1437,1630,2,1,Urban,3,3,Yes,6.5,4.7,85.57
PROP-1438,3625,5,4,Suburban,5,0,Yes,8.8,7.1,148.75
PROP-1439,2656,4,3,Suburban,20,1,Yes,7.5,7.7,108.86
PROP-1440,1834,2,1,Suburban,12,0,Yes,6.1,6.5,70.4
PROP-1441,3977,5,4,Urban,24,2,No,4.0,7.4,197.55
PROP-1442,4044,5,4,Urban,25,2,No,7.0,5.2,190.39
PROP-1443,777,1,1,Urban,19,3,No,5.2,5.3,35.02
PROP-1444,2715,3,3,Urban,32,1,No,2.9,7.2,123.82
PROP-1445,2466,4,3,Urban,13,3,No,6.3,7.9,130.87
PROP-1446,2408,5,4,Suburban,16,0,No,15.4,3.8,87.57
PROP-1447,3263,5,4,Rural,20,2,Yes,15.3,7.6,104.46
PROP-1448,1219,2,2,Rural,15,0,Yes,28.9,5.9,27.4
PROP-1449,1996,3,2,Rural,15,2,No,20.1,6.5,47.51
PROP-1450,2545,4,3,Suburban,19,1,No,7.8,4.7,95.03
PROP-1451,3383,5,3,Suburban,28,2,Yes,8.7,5.4,129.86
PROP-1452,1275,2,2,Urban,27,2,No,3.8,8.3,68.02
PROP-1453,4009,5,3,Suburban,7,0,Yes,11.1,6.9,150.11
PROP-1454,3551,5,3,Suburban,23,0,No,9.5,6.2,134.22
PROP-1455,2336,3,2,Suburban,2,2,Yes,8.1,6.6,98.84
PROP-1456,3659,5,3,Suburban,24,1,Yes,15.1,7.6,139.4
PROP-1457,804,1,1,Urban,18,0,No,6.9,7.5,38.64
PROP-1458,3187,5,4,Urban,32,1,No,5.7,6.7,152.06
PROP-1459,2059,4,2,Rural,1,1,No,20.0,8.5,66.16
PROP-1460,1434,2,2,Urban,14,0,No,2.5,8.4,71.22
PROP-1461,3825,5,4,Suburban,21,1,Yes,8.6,7.5,148.27
PROP-1462,4114,5,4,Rural,9,0,Yes,17.3,6.9,123.74
PROP-1463,895,2,2,Suburban,17,1,Yes,12.6,7.9,34.12
PROP-1464,3897,5,4,Suburban,21,2,Yes,13.3,7.3,151.95
PROP-1465,3760,4,3,Urban,26,3,No,5.2,8.5,173.96
PROP-1466,2150,3,2,Urban,12,2,No,5.1,8.2,110.22
PROP-1467,2355,4,3,Rural,32,0,Yes,20.0,5.2,58.33
PROP-1468,3456,5,3,Suburban,4,3,Yes,10.0,5.1,141.42
PROP-1469,1187,2,2,Suburban,25,1,Yes,14.2,5.7,40.29
PROP-1470,2540,4,3,Urban,12,0,No,3.1,8.4,121.57
PROP-1471,2491,4,2,Urban,26,3,No,2.3,4.3,125.53
PROP-1472,1570,2,2,Rural,13,2,Yes,21.4,7.4,45.97
PROP-1473,3105,5,3,Urban,23,2,Yes,2.6,7.4,156.96
PROP-1474,1174,1,1,Suburban,2,2,Yes,7.1,8.7,51.79
PROP-1475,3525,4,3,Urban,29,1,Yes,6.0,7.1,166.95
PROP-1476,2179,2,2,Suburban,34,1,Yes,16.2,4.7,73.1
PROP-1477,3600,5,3,Rural,13,2,No,18.7,5.3,107.91
PROP-1478,685,2,2,Suburban,11,1,Yes,6.8,4.9,33.31
PROP-1479,1334,1,1,Urban,27,1,No,5.4,5.9,55.76
PROP-1480,669,1,1,Suburban,28,2,Yes,8.5,6.5,21.67
PROP-1481,3018,4,3,Suburban,16,2,Yes,10.7,4.9,111.92
PROP-1482,3209,4,3,Suburban,20,1,Yes,6.8,9.2,127.51
PROP-1483,1049,2,1,Rural,22,2,No,18.8,4.7,19.32
PROP-1484,3351,4,4,Suburban,19,2,Yes,15.5,9.0,136.5
PROP-1485,1621,3,2,Rural,10,2,Yes,28.7,8.7,50.14
PROP-1486,2556,5,4,Suburban,33,1,Yes,8.5,8.2,107.24
PROP-1487,3168,3,2,Urban,9,1,No,3.0,5.7,154.62
PROP-1488,1816,2,2,Urban,9,1,Yes,1.8,7.3,93.12
PROP-1489,1765,3,2,Urban,5,0,No,1.4,4.8,79.92
PROP-1490,4075,5,4,Rural,23,1,Yes,31.9,8.3,118.59
PROP-1491,1483,2,1,Suburban,11,1,No,13.9,6.7,56.16
PROP-1492,2473,4,3,Suburban,22,1,Yes,12.5,6.1,88.94
PROP-1493,3424,4,3,Urban,26,3,No,5.6,4.8,166.6
PROP-1494,2632,3,2,Urban,5,0,Yes,6.0,2.8,124.85
PROP-1495,1503,3,2,Suburban,0,2,Yes,15.7,5.1,64.18
PROP-1496,700,1,1,Suburban,5,2,Yes,6.2,8.6,43.28
PROP-1497,1224,3,2,Urban,21,0,No,2.1,6.2,61.99
PROP-1498,3911,5,4,Suburban,23,3,Yes,13.9,6.5,155.05
PROP-1499,1798,3,3,Urban,24,1,No,3.3,7.8,89.49
PROP-1500,2847,4,3,Urban,14,1,No,6.9,9.7,144.06
PROP-1501,3011,4,3,Suburban,25,2,Yes,14.0,8.9,115.94
PROP-1502,3267,5,4,Urban,7,1,No,6.7,5.2,160.68
PROP-1503,4063,5,4,Rural,23,2,Yes,18.4,3.7,113.29
PROP-1504,3002,5,4,Urban,5,0,Yes,6.2,10.0,157.61
PROP-1505,2365,3,3,Urban,34,2,No,2.9,10.0,113.97
PROP-1506,1331,1,1,Urban,0,1,No,6.9,7.1,63.26
PROP-1507,1487,2,1,Suburban,11,2,No,7.9,4.8,54.98
PROP-1508,1727,2,2,Suburban,10,1,Yes,12.2,8.3,68.4
PROP-1509,3700,5,3,Suburban,11,2,No,15.5,6.6,142.87
PROP-1510,3141,4,3,Urban,6,2,Yes,3.6,6.6,156.26
PROP-1511,3310,4,4,Urban,10,1,No,3.8,8.2,165.1
PROP-1512,3690,5,4,Suburban,30,2,No,17.8,7.3,135.21
PROP-1513,2961,5,4,Suburban,32,1,Yes,11.1,4.9,108.78
PROP-1514,3774,5,4,Rural,12,2,No,25.3,6.3,108.48
PROP-1515,2245,3,3,Urban,17,1,No,1.3,7.9,106.36
PROP-1516,3701,4,3,Suburban,23,2,Yes,16.1,7.6,140.57
PROP-1517,654,1,1,Rural,8,2,No,26.0,7.2,15.0
PROP-1518,1776,2,2,Urban,30,1,No,3.4,8.3,82.87
PROP-1519,1869,2,2,Suburban,9,1,Yes,6.2,6.2,78.71
PROP-1520,1423,2,1,Urban,1,1,No,4.6,7.1,73.38
PROP-1521,1526,3,2,Rural,14,2,Yes,15.2,2.0,43.92
PROP-1522,1641,2,1,Suburban,2,1,Yes,6.0,6.1,68.56
PROP-1523,3581,5,4,Rural,30,1,No,25.5,8.0,98.98
PROP-1524,4071,5,4,Suburban,5,2,Yes,8.3,6.2,160.21
PROP-1525,696,2,1,Urban,2,1,Yes,2.2,6.1,40.39
PROP-1526,3564,5,4,Rural,10,2,Yes,26.1,5.1,111.49
PROP-1527,3520,5,3,Urban,14,1,No,1.3,8.4,166.77
PROP-1528,3633,5,4,Urban,27,0,No,2.9,7.7,172.12
PROP-1529,3353,5,4,Suburban,9,2,No,7.8,8.1,142.09
PROP-1530,918,1,1,Suburban,6,0,No,13.0,4.0,24.94
PROP-1531,1019,2,2,Rural,14,1,Yes,26.3,6.5,22.98
PROP-1532,1285,2,2,Urban,17,2,No,5.3,6.4,63.41
PROP-1533,1779,2,1,Suburban,17,1,No,9.1,6.4,60.38
PROP-1534,2343,4,3,Suburban,23,3,No,7.1,5.8,92.38
PROP-1535,2332,4,3,Urban,1,3,Yes,1.5,6.2,128.36
PROP-1536,1306,1,1,Urban,19,1,No,3.6,8.2,64.11
PROP-1537,769,2,2,Urban,33,0,No,6.7,3.7,28.6
PROP-1538,1480,2,1,Urban,25,2,No,2.3,9.6,72.67
PROP-1539,2460,3,2,Rural,6,1,Yes,19.4,7.6,69.59
PROP-1540,1731,3,2,Suburban,29,0,Yes,7.2,6.7,60.29
PROP-1541,2624,4,3,Suburban,4,2,Yes,13.3,8.3,110.96
PROP-1542,2019,2,2,Rural,10,0,Yes,26.6,4.5,49.31
PROP-1543,1390,2,1,Urban,0,2,No,4.9,5.7,68.3
PROP-1544,4195,5,4,Suburban,33,0,Yes,16.3,6.6,147.41
PROP-1545,766,2,2,Suburban,0,0,Yes,11.8,9.0,40.26
PROP-1546,2503,3,2,Rural,18,0,Yes,17.3,6.7,71.4
PROP-1547,3488,5,3,Urban,1,3,No,2.7,7.5,179.85
PROP-1548,1800,2,2,Rural,20,2,No,26.3,5.9,36.18
PROP-1549,4114,5,4,Urban,19,2,No,4.7,7.6,212.72
PROP-1550,2581,3,3,Urban,22,1,No,4.2,9.5,128.51
PROP-1551,1662,3,3,Suburban,20,1,Yes,14.2,8.4,65.36
PROP-1552,2314,3,2,Urban,23,1,No,4.8,6.7,110.12
PROP-1553,1731,2,2,Suburban,3,1,Yes,16.6,7.9,69.02
PROP-1554,1283,2,2,Suburban,11,1,Yes,13.0,7.7,55.2
PROP-1555,1162,2,2,Suburban,21,2,No,15.3,7.6,41.55
PROP-1556,3499,5,4,Urban,19,1,Yes,2.5,8.6,178.2
PROP-1557,1769,2,1,Urban,17,3,No,5.1,8.6,88.35
PROP-1558,1791,3,3,Urban,0,0,No,6.4,6.6,86.05
PROP-1559,1209,3,2,Suburban,29,3,Yes,10.6,7.8,57.81
PROP-1560,1137,1,1,Urban,32,0,No,5.7,6.2,37.51
PROP-1561,3958,5,3,Urban,23,1,No,5.3,5.3,179.79
PROP-1562,1546,2,2,Urban,13,1,No,1.4,6.4,75.15
PROP-1563,3993,5,4,Urban,4,1,No,4.5,6.7,194.7
PROP-1564,1862,2,2,Suburban,10,1,Yes,7.6,4.1,70.33
PROP-1565,1353,1,1,Rural,23,1,Yes,31.4,8.2,28.04
PROP-1566,2120,2,2,Urban,30,1,Yes,5.9,2.4,93.81
PROP-1567,1230,2,1,Suburban,12,2,Yes,7.3,10.0,60.03
PROP-1568,3487,5,4,Suburban,15,2,Yes,7.5,9.2,145.05
PROP-1569,3558,5,4,Suburban,23,2,Yes,13.1,6.4,138.31
PROP-1570,2944,4,3,Suburban,12,1,Yes,10.1,6.8,118.1
PROP-1571,3797,4,3,Suburban,23,2,Yes,6.4,7.3,141.43
PROP-1572,803,1,1,Suburban,25,1,Yes,12.5,5.9,25.24
PROP-1573,2329,3,2,Urban,1,1,Yes,3.3,7.1,116.87
PROP-1574,4156,5,4,Suburban,15,1,No,7.2,6.6,166.57
PROP-1575,1646,2,1,Suburban,0,1,No,15.6,6.6,59.04
PROP-1576,3807,5,4,Urban,10,0,No,6.5,7.1,183.68
PROP-1577,3394,4,3,Urban,34,1,Yes,5.5,4.7,152.98
PROP-1578,4006,5,4,Rural,28,0,Yes,29.0,6.9,104.66
PROP-1579,1893,2,2,Suburban,16,2,Yes,8.6,7.1,83.61
PROP-1580,1742,3,2,Suburban,27,2,Yes,9.2,7.0,70.95
PROP-1581,3768,5,4,Rural,28,3,No,18.5,6.5,103.64
PROP-1582,1658,2,1,Suburban,2,2,Yes,15.2,8.6,75.07
PROP-1583,2791,4,3,Suburban,9,0,Yes,17.4,6.2,109.25
PROP-1584,2423,5,4,Suburban,13,2,Yes,14.6,7.2,101.58
PROP-1585,1607,2,2,Rural,11,2,No,30.0,8.9,42.73
PROP-1586,3709,5,4,Suburban,29,1,No,13.7,6.7,134.62
PROP-1587,1102,2,1,Suburban,31,1,Yes,10.7,7.1,43.26
PROP-1588,1877,4,3,Urban,31,3,No,3.6,6.6,91.02
PROP-1589,3609,5,3,Rural,31,1,Yes,16.3,8.8,105.91
PROP-1590,2915,5,3,Suburban,25,3,Yes,6.4,6.4,117.59
PROP-1591,3171,5,3,Urban,0,0,No,5.2,8.9,156.44
PROP-1592,3129,4,3,Rural,1,0,No,22.5,6.6,96.6
PROP-1593,3038,4,2,Suburban,16,1,Yes,12.6,5.4,108.97
PROP-1594,1200,2,1,Urban,29,1,No,4.3,7.9,53.62
PROP-1595,2285,3,2,Suburban,6,2,Yes,9.3,6.3,87.97
PROP-1596,1962,3,3,Suburban,26,3,No,11.7,7.8,74.53
PROP-1597,3975,5,3,Rural,8,1,No,23.0,2.4,108.75
PROP-1598,2407,3,2,Urban,21,0,Yes,3.3,6.8,111.63
PROP-1599,1006,2,1,Suburban,33,2,Yes,15.8,6.1,32.43
PROP-1600,2720,3,2,Suburban,0,2,Yes,11.4,5.1,107.88
PROP-1601,2435,3,3,Urban,8,0,No,4.6,5.9,120.77
PROP-1602,3219,4,3,Rural,19,1,Yes,30.2,5.9,90.16
PROP-1603,2431,4,3,Suburban,18,2,Yes,16.4,6.7,93.05
PROP-1604,3821,5,4,Urban,3,2,No,6.3,4.6,189.38
PROP-1605,3499,5,4,Suburban,8,1,Yes,9.2,7.3,143.7
PROP-1606,3901,5,4,Rural,21,1,Yes,15.6,9.0,121.99
PROP-1607,3944,5,3,Urban,17,3,No,2.6,7.2,195.71
PROP-1608,3459,5,4,Urban,11,2,Yes,2.7,8.1,181.59
PROP-1609,3139,4,4,Urban,8,1,No,6.5,8.6,156.9
PROP-1610,2281,3,2,Urban,5,1,No,4.9,8.8,116.3
PROP-1611,3466,5,4,Suburban,18,2,No,7.0,9.8,145.9
PROP-1612,1665,3,2,Suburban,6,1,Yes,7.6,6.0,72.49
PROP-1613,1998,2,1,Urban,15,0,No,1.9,5.7,92.17
PROP-1614,1165,1,1,Urban,4,1,Yes,4.8,8.1,65.63
PROP-1615,3737,5,3,Urban,15,1,No,5.4,7.9,181.16
PROP-1616,3489,5,4,Rural,0,2,Yes,29.6,8.0,111.44
PROP-1617,985,1,1,Urban,18,0,No,6.6,9.8,40.7
PROP-1618,2432,4,3,Rural,16,2,Yes,18.4,6.8,79.97
PROP-1619,2955,4,2,Suburban,25,1,Yes,9.7,7.5,101.59
PROP-1620,1146,1,1,Urban,21,0,No,2.4,5.2,45.62
PROP-1621,1545,4,3,Rural,7,0,No,21.1,10.0,53.31
PROP-1622,2857,3,1,Suburban,32,3,Yes,17.0,6.3,95.49
PROP-1623,4196,5,4,Suburban,1,2,Yes,12.9,6.3,170.75
PROP-1624,1501,2,2,Rural,29,1,No,27.5,6.2,24.02
PROP-1625,2337,3,3,Urban,19,2,Yes,3.9,5.8,115.86
PROP-1626,2581,4,3,Urban,17,2,No,1.2,5.6,131.58
PROP-1627,3387,5,4,Suburban,9,3,Yes,6.8,6.0,143.78
PROP-1628,3077,5,4,Urban,23,1,No,4.2,4.6,139.32
PROP-1629,2218,3,3,Urban,3,2,Yes,5.3,5.5,113.58
PROP-1630,1606,3,2,Urban,3,0,Yes,2.3,9.9,94.45
PROP-1631,3388,5,3,Urban,12,1,No,5.3,8.0,169.04
PROP-1632,4148,5,4,Suburban,24,3,No,15.7,8.3,164.54
PROP-1633,2286,3,3,Urban,12,1,No,3.5,8.7,121.63
PROP-1634,1941,3,2,Suburban,17,1,No,15.0,9.7,71.83
PROP-1635,2090,2,1,Suburban,23,0,No,10.8,4.0,71.89
PROP-1636,1841,2,1,Suburban,1,2,No,14.1,4.8,67.63
PROP-1637,1716,2,1,Urban,32,2,No,5.6,5.5,69.58
PROP-1638,934,2,2,Suburban,18,1,No,17.9,6.0,25.61
PROP-1639,3094,4,3,Urban,8,3,No,3.1,6.3,149.46
PROP-1640,661,1,1,Suburban,27,0,Yes,10.9,6.1,21.75
PROP-1641,2280,3,2,Rural,34,1,Yes,17.8,7.2,64.21
PROP-1642,4023,5,3,Suburban,9,3,Yes,8.4,6.9,160.59
PROP-1643,3974,5,4,Suburban,0,1,No,14.3,5.6,152.82
PROP-1644,3196,4,3,Suburban,20,1,No,17.0,3.3,109.63
PROP-1645,1403,2,2,Urban,8,1,Yes,3.4,5.2,69.22
PROP-1646,2732,4,2,Rural,14,2,Yes,18.1,5.9,75.36
PROP-1647,3424,3,2,Rural,34,0,Yes,19.8,6.4,84.21
PROP-1648,3546,5,4,Urban,4,3,Yes,3.7,5.0,183.8
PROP-1649,739,1,1,Suburban,21,2,No,9.5,6.0,21.53
PROP-1650,1425,1,1,Rural,22,0,Yes,19.0,5.0,28.29
PROP-1651,3302,5,3,Rural,6,2,No,27.5,6.6,101.09
PROP-1652,3667,5,4,Suburban,22,1,Yes,6.1,5.1,140.71
PROP-1653,2275,2,1,Suburban,24,1,Yes,12.5,5.4,77.5
PROP-1654,3719,5,4,Urban,26,2,No,5.8,4.7,178.32
PROP-1655,1067,1,1,Rural,5,3,Yes,19.5,6.6,36.14
PROP-1656,764,1,1,Urban,33,0,Yes,4.6,5.4,24.95
PROP-1657,1266,2,1,Suburban,8,1,No,14.0,8.3,47.65
PROP-1658,3917,5,3,Urban,32,1,Yes,4.9,7.4,188.4
PROP-1659,1475,2,2,Urban,5,1,No,3.7,6.7,71.15
PROP-1660,2299,3,2,Suburban,30,1,Yes,10.2,5.5,85.19
PROP-1661,2166,3,2,Rural,33,0,Yes,29.2,7.4,52.47
PROP-1662,3796,5,4,Urban,28,2,Yes,5.6,7.9,184.8
PROP-1663,1062,1,1,Suburban,13,1,Yes,9.9,7.0,40.92
PROP-1664,4097,5,4,Urban,14,0,No,1.6,9.4,204.11
PROP-1665,4141,5,4,Urban,7,2,No,1.4,7.5,206.99
PROP-1666,1378,2,1,Suburban,25,2,Yes,7.1,8.3,56.44
PROP-1667,3998,5,4,Suburban,20,1,No,13.0,7.0,149.85
PROP-1668,3718,5,4,Urban,27,1,Yes,1.3,7.9,178.96
PROP-1669,3458,5,4,Urban,3,2,No,3.0,5.5,177.63
PROP-1670,1325,2,1,Urban,15,1,No,5.5,6.1,56.83
PROP-1671,4115,5,4,Urban,21,1,No,2.8,7.4,202.0
PROP-1672,2542,3,2,Rural,11,2,No,28.0,7.3,65.64
PROP-1673,3154,4,3,Rural,15,0,Yes,27.7,7.6,86.09
PROP-1674,3617,5,3,Urban,28,0,No,2.5,8.6,176.07
PROP-1675,2889,4,3,Suburban,17,0,Yes,14.7,4.5,106.0
PROP-1676,3436,5,3,Rural,9,0,No,27.7,5.2,87.55
PROP-1677,1772,2,1,Urban,17,0,No,3.4,7.2,76.66
PROP-1678,2221,3,2,Suburban,0,3,Yes,8.5,5.6,94.01
PROP-1679,1627,2,2,Rural,20,1,Yes,23.9,10.0,46.49
PROP-1680,1658,3,2,Urban,0,0,No,6.5,7.6,86.06
PROP-1681,2793,4,4,Urban,14,1,Yes,4.8,6.7,138.99
PROP-1682,2337,3,3,Rural,3,3,Yes,17.9,6.0,73.44
PROP-1683,3360,5,4,Suburban,19,1,Yes,14.2,6.0,130.05
PROP-1684,3911,5,3,Urban,9,1,No,3.6,6.8,190.6
PROP-1685,686,2,1,Urban,22,2,No,4.5,7.0,41.21
PROP-1686,4090,5,4,Suburban,33,1,Yes,14.8,6.1,149.11
PROP-1687,2198,3,3,Suburban,32,1,Yes,12.2,6.4,84.81
PROP-1688,2976,4,3,Suburban,33,1,Yes,15.8,9.0,105.47
PROP-1689,2914,4,3,Rural,9,1,Yes,27.3,9.0,81.84
PROP-1690,3564,5,3,Urban,19,1,No,4.7,7.2,167.76
PROP-1691,1522,3,2,Suburban,0,2,No,7.8,4.7,68.2
PROP-1692,2471,3,3,Suburban,12,1,Yes,16.0,7.7,102.08
PROP-1693,1946,3,3,Suburban,0,1,Yes,17.2,9.3,81.25
PROP-1694,2759,3,2,Urban,4,0,No,1.8,9.0,135.6
PROP-1695,1245,1,1,Rural,15,0,Yes,23.3,8.0,23.46
PROP-1696,2553,4,3,Rural,14,1,Yes,19.4,9.1,73.68
PROP-1697,1378,1,2,Suburban,27,3,Yes,15.1,6.9,52.07
PROP-1698,2015,4,2,Suburban,30,1,No,14.7,7.8,70.72
PROP-1699,1046,1,1,Urban,22,2,No,1.8,5.7,47.16
PROP-1700,1348,2,1,Suburban,16,1,No,16.5,7.3,39.22
PROP-1701,3740,5,4,Suburban,33,0,No,8.2,8.9,143.73
PROP-1702,2874,4,3,Suburban,12,0,Yes,15.6,5.9,105.57
PROP-1703,2285,2,2,Rural,13,1,Yes,22.8,5.4,61.38
PROP-1704,1045,1,1,Suburban,10,0,Yes,9.9,7.0,33.25
PROP-1705,3142,4,3,Urban,27,0,Yes,1.9,6.4,148.55
PROP-1706,3954,4,3,Suburban,31,2,Yes,8.0,7.8,150.8
PROP-1707,725,1,1,Urban,34,0,Yes,5.0,6.1,26.92
PROP-1708,914,1,1,Urban,30,1,Yes,4.3,9.5,44.37
PROP-1709,3152,5,4,Urban,16,1,No,1.7,4.7,155.86
PROP-1710,2469,3,2,Suburban,8,1,Yes,7.4,8.8,98.08
PROP-1711,1367,1,1,Suburban,9,1,Yes,6.9,5.6,52.81
PROP-1712,3432,5,4,Suburban,7,1,Yes,14.9,3.9,133.26
PROP-1713,4105,5,3,Suburban,20,1,Yes,14.5,7.2,155.53
PROP-1714,1500,3,2,Suburban,12,2,Yes,6.7,6.4,65.87
PROP-1715,2040,4,3,Urban,4,2,No,4.4,5.0,102.12
PROP-1716,793,2,1,Suburban,5,0,Yes,7.0,4.1,26.3
PROP-1717,1534,2,1,Urban,29,0,No,6.4,6.8,54.75
PROP-1718,3790,5,4,Urban,30,2,No,6.4,8.4,185.43
PROP-1719,3820,5,4,Suburban,16,1,Yes,14.4,7.7,151.79
PROP-1720,1045,2,1,Urban,10,1,No,6.6,6.9,53.69
PROP-1721,3746,5,4,Urban,19,1,No,5.9,7.6,182.65
PROP-1722,3645,5,4,Suburban,8,0,No,15.9,6.8,129.79
PROP-1723,3588,5,4,Suburban,1,1,Yes,12.8,4.5,139.21
PROP-1724,2142,4,3,Suburban,0,1,Yes,9.7,4.5,90.61
PROP-1725,3872,5,4,Rural,3,1,No,18.7,6.5,117.26
PROP-1726,1817,3,2,Suburban,24,1,Yes,9.9,6.5,67.08
PROP-1727,3266,5,4,Rural,2,2,Yes,25.7,8.2,107.19
PROP-1728,1712,2,2,Urban,8,1,No,2.0,8.0,87.44
PROP-1729,2806,4,3,Suburban,21,0,Yes,9.1,7.8,108.19
PROP-1730,1715,3,2,Rural,22,1,Yes,23.0,6.4,41.76
PROP-1731,1859,2,2,Suburban,11,2,Yes,8.8,4.6,76.03
PROP-1732,3632,4,3,Suburban,9,2,No,13.1,7.5,138.48
PROP-1733,3095,5,3,Urban,33,2,No,6.5,7.6,142.52
PROP-1734,3944,5,3,Urban,9,0,No,5.5,3.0,180.77
PROP-1735,1283,2,2,Suburban,29,2,Yes,14.0,5.5,42.39
PROP-1736,1806,2,2,Urban,21,2,Yes,4.5,5.7,91.56
PROP-1737,3884,5,4,Rural,5,0,Yes,23.3,7.0,115.88
PROP-1738,1888,2,1,Urban,1,1,No,2.1,5.5,91.83
PROP-1739,1382,2,1,Rural,29,1,Yes,30.2,6.7,20.26
PROP-1740,884,2,2,Rural,1,2,No,19.2,6.5,31.08
PROP-1741,3355,5,4,Urban,31,1,No,1.5,6.5,157.75
PROP-1742,1400,3,2,Urban,15,1,No,5.5,5.7,67.09
PROP-1743,3285,4,3,Rural,11,3,Yes,18.0,5.8,107.13
PROP-1744,3730,5,3,Rural,0,2,No,21.3,5.1,113.07
PROP-1745,3795,5,4,Suburban,7,3,Yes,6.3,7.4,154.92
PROP-1746,1603,2,2,Urban,12,3,Yes,1.8,7.7,83.38
PROP-1747,3189,5,3,Suburban,14,0,No,8.1,5.6,119.27
PROP-1748,3610,5,3,Suburban,7,2,No,6.7,9.2,144.04
PROP-1749,3974,5,4,Urban,9,1,Yes,4.9,6.3,200.66
PROP-1750,3951,5,3,Suburban,4,2,No,16.0,9.2,156.52
PROP-1751,2192,4,3,Urban,18,1,Yes,3.2,5.8,111.72
PROP-1752,1847,4,2,Urban,10,3,No,6.2,3.6,90.66
PROP-1753,2326,4,3,Urban,19,2,Yes,2.3,7.4,128.23
PROP-1754,1841,3,2,Urban,19,2,No,3.0,7.2,101.68
PROP-1755,2867,4,3,Urban,20,0,No,1.9,6.9,135.47
PROP-1756,2066,3,2,Suburban,17,0,Yes,13.4,5.8,75.19
PROP-1757,3643,5,4,Urban,9,2,No,3.5,6.7,183.77
PROP-1758,3492,5,4,Urban,33,0,No,4.7,6.0,159.45
PROP-1759,3331,4,2,Urban,25,2,No,5.6,6.3,152.59
PROP-1760,1867,2,2,Rural,29,0,No,24.3,8.1,34.67
PROP-1761,2190,2,2,Suburban,8,2,Yes,13.5,7.1,82.64
PROP-1762,2726,3,2,Suburban,30,1,Yes,17.2,7.8,96.81
PROP-1763,3886,5,4,Suburban,3,2,No,9.6,6.4,153.79
PROP-1764,2095,3,3,Rural,5,2,Yes,21.1,6.3,57.3
PROP-1765,3036,4,3,Urban,13,1,No,5.3,5.0,146.15
PROP-1766,2169,3,2,Suburban,3,0,Yes,13.3,6.2,83.7
PROP-1767,2038,3,2,Suburban,25,0,Yes,8.1,2.0,71.7
PROP-1768,2506,3,3,Suburban,16,1,Yes,10.5,5.9,97.19
PROP-1769,2015,2,2,Urban,18,1,No,3.8,6.7,88.86
PROP-1770,1149,2,1,Suburban,5,2,Yes,11.0,7.7,43.84
PROP-1771,2330,4,2,Urban,28,1,No,2.1,6.4,106.51
PROP-1772,1160,2,1,Suburban,10,1,Yes,17.1,7.4,41.54
PROP-1773,4048,5,4,Suburban,15,1,No,15.1,3.3,149.64
PROP-1774,866,1,1,Urban,29,0,No,3.9,6.7,31.57
PROP-1775,1974,4,3,Suburban,24,1,Yes,14.2,4.1,75.39
PROP-1776,1805,2,2,Urban,10,3,No,6.4,4.9,84.06
PROP-1777,2477,4,3,Suburban,6,2,No,7.6,6.5,105.44
PROP-1778,3791,5,4,Suburban,25,1,Yes,9.0,8.8,151.42
PROP-1779,3973,5,3,Urban,21,1,No,4.3,7.4,182.66
PROP-1780,4136,5,3,Urban,24,2,No,5.8,6.8,201.23
PROP-1781,2460,4,3,Rural,18,1,No,15.6,6.8,70.86
PROP-1782,3142,5,4,Urban,30,0,Yes,6.9,5.7,149.59
PROP-1783,3573,5,4,Urban,25,0,No,3.7,5.9,164.56
PROP-1784,1855,3,2,Urban,22,1,Yes,3.2,7.5,97.46
PROP-1785,2864,5,4,Suburban,12,3,Yes,9.5,4.6,115.74
PROP-1786,740,1,1,Suburban,24,2,Yes,8.1,7.7,31.96
PROP-1787,1363,2,1,Urban,1,0,Yes,5.7,6.2,72.4
PROP-1788,2531,3,2,Urban,1,0,Yes,6.7,8.1,124.74
PROP-1789,688,1,1,Urban,15,2,No,3.5,8.3,43.79
PROP-1790,3847,5,3,Urban,8,2,No,6.7,4.1,186.32
PROP-1791,4172,5,4,Suburban,27,2,Yes,15.9,5.9,158.15
PROP-1792,822,2,2,Suburban,12,2,Yes,11.8,5.4,29.9
PROP-1793,1302,1,1,Urban,34,0,No,5.0,3.9,51.74
PROP-1794,1403,2,2,Urban,12,2,No,3.6,5.1,64.94
PROP-1795,1893,4,4,Urban,30,2,No,4.4,10.0,102.47
PROP-1796,1731,3,3,Rural,20,1,Yes,16.0,7.8,49.5
PROP-1797,2333,4,3,Rural,31,2,Yes,26.8,9.9,64.7
PROP-1798,3173,5,4,Suburban,33,1,Yes,6.6,8.1,126.97
PROP-1799,1105,1,1,Urban,7,0,No,5.9,5.6,51.96
PROP-1800,1478,2,2,Urban,1,1,No,5.9,6.2,70.42
PROP-1801,1544,2,2,Urban,31,0,No,2.4,7.7,71.32
PROP-1802,2034,3,2,Urban,27,1,No,2.9,7.5,98.84
PROP-1803,2608,4,3,Suburban,0,1,Yes,11.8,5.9,104.08
PROP-1804,3722,5,4,Suburban,9,1,Yes,13.2,4.4,149.55
PROP-1805,3084,5,4,Rural,3,1,Yes,19.9,10.0,98.84
PROP-1806,2646,4,3,Suburban,34,1,Yes,13.1,6.6,93.25
PROP-1807,3045,5,4,Urban,9,0,Yes,2.8,6.3,157.1
PROP-1808,839,1,2,Suburban,10,2,No,6.7,7.0,32.66
PROP-1809,1154,2,1,Urban,13,1,No,1.0,6.4,57.67
PROP-1810,1864,4,3,Urban,11,1,No,1.6,7.0,98.77
PROP-1811,2181,3,2,Suburban,16,2,Yes,15.5,8.9,86.24
PROP-1812,4090,5,4,Urban,15,2,No,6.8,6.6,202.01
PROP-1813,4130,5,4,Suburban,34,2,Yes,11.1,4.9,151.92
PROP-1814,1473,3,2,Urban,1,1,No,4.1,6.5,79.1
PROP-1815,1578,1,1,Suburban,10,0,Yes,7.8,6.1,60.92
PROP-1816,1583,2,1,Suburban,2,2,Yes,12.6,9.1,72.11
PROP-1817,1790,2,1,Urban,28,1,No,1.9,8.7,84.95
PROP-1818,783,1,1,Suburban,17,1,Yes,13.3,7.0,22.92
PROP-1819,2755,3,2,Urban,19,0,No,6.6,4.8,123.93
PROP-1820,1334,1,1,Suburban,13,2,Yes,8.3,4.8,46.82
PROP-1821,3369,5,3,Suburban,33,0,Yes,15.2,6.8,115.64
PROP-1822,2870,4,3,Suburban,30,3,Yes,6.3,7.3,114.46
PROP-1823,2502,3,2,Rural,17,2,No,21.4,6.2,63.32
PROP-1824,1464,3,2,Urban,29,1,No,1.7,6.0,70.02
PROP-1825,1822,4,2,Suburban,24,2,No,10.2,5.9,70.53
PROP-1826,729,1,1,Suburban,18,2,Yes,8.1,6.8,23.05
PROP-1827,3583,5,4,Rural,7,2,No,21.3,3.0,100.24
PROP-1828,3934,5,4,Urban,27,1,No,3.5,5.0,179.11
PROP-1829,852,1,1,Suburban,7,2,Yes,9.6,5.8,34.49
PROP-1830,3461,4,3,Suburban,30,1,Yes,13.9,8.7,130.03
PROP-1831,1902,4,3,Urban,2,3,No,6.5,5.5,102.44
PROP-1832,2349,3,2,Suburban,2,1,Yes,10.8,7.1,93.73
PROP-1833,1900,3,3,Urban,21,1,No,2.2,7.2,97.86
PROP-1834,2332,3,2,Suburban,16,2,Yes,9.2,8.9,87.61
PROP-1835,2205,4,3,Rural,16,2,Yes,29.5,8.8,70.58
PROP-1836,4162,5,3,Suburban,13,1,Yes,12.9,6.7,157.75
PROP-1837,4123,5,4,Suburban,8,0,Yes,11.5,6.0,159.03
PROP-1838,2744,4,3,Suburban,29,1,No,7.8,5.7,96.6
PROP-1839,1906,2,1,Urban,20,3,Yes,3.7,6.4,100.55
PROP-1840,4026,5,3,Urban,11,2,No,2.7,6.1,193.22
PROP-1841,2199,3,2,Suburban,31,2,No,17.3,7.7,74.78
PROP-1842,1816,3,2,Urban,10,0,No,6.3,7.5,89.69
PROP-1843,4136,5,4,Urban,19,1,No,1.5,7.7,195.98
PROP-1844,2046,3,3,Suburban,34,2,No,12.2,8.8,71.19
PROP-1845,3980,5,4,Urban,10,2,No,2.4,9.8,202.87
PROP-1846,3353,5,4,Urban,7,0,No,3.5,7.0,163.59
PROP-1847,1120,1,1,Suburban,3,2,Yes,16.5,8.6,44.69
PROP-1848,3668,5,4,Urban,26,1,No,4.2,6.2,172.89
PROP-1849,1685,2,2,Rural,29,0,No,20.7,8.7,38.67
PROP-1850,2003,2,2,Rural,26,1,Yes,18.5,8.5,52.46
PROP-1851,3433,4,4,Suburban,20,1,Yes,15.6,8.4,135.64
PROP-1852,3481,5,4,Urban,19,1,No,4.7,7.0,165.97
PROP-1853,1617,3,2,Suburban,3,0,No,11.6,5.7,56.21
PROP-1854,1007,1,1,Suburban,10,0,Yes,8.6,4.6,40.86
PROP-1855,3669,5,4,Suburban,12,2,No,10.0,6.7,142.3
PROP-1856,4129,5,3,Urban,8,0,No,6.8,9.3,196.3
PROP-1857,1317,3,2,Suburban,3,1,No,12.2,6.3,47.0
PROP-1858,1022,1,1,Suburban,11,1,Yes,10.8,8.1,44.55
PROP-1859,1681,2,1,Suburban,8,1,Yes,12.3,8.2,65.51
PROP-1860,1795,3,2,Suburban,12,2,Yes,15.3,6.3,70.23
PROP-1861,2021,4,2,Suburban,25,1,Yes,10.1,8.9,79.78
PROP-1862,3373,5,4,Suburban,12,2,No,8.1,2.1,131.87
PROP-1863,739,2,2,Urban,27,2,No,4.5,4.8,31.9
PROP-1864,3395,4,3,Suburban,18,0,No,14.0,5.3,127.46
PROP-1865,4037,5,3,Urban,23,0,Yes,5.3,5.5,190.36
PROP-1866,3899,5,4,Suburban,18,1,Yes,16.6,7.3,152.78
PROP-1867,1189,1,1,Urban,12,1,Yes,3.2,7.3,63.48
PROP-1868,3429,4,3,Suburban,12,2,Yes,6.9,7.4,138.78
PROP-1869,1518,2,1,Urban,27,1,No,6.8,7.8,64.31
PROP-1870,690,1,1,Suburban,1,1,Yes,11.2,5.3,29.84
PROP-1871,1389,1,1,Suburban,9,0,Yes,13.5,4.9,47.5
PROP-1872,2596,4,4,Urban,21,1,No,5.0,7.4,125.25
PROP-1873,3199,5,4,Urban,12,1,No,4.3,5.8,158.63
PROP-1874,3656,5,3,Urban,8,1,No,2.2,4.3,181.56
PROP-1875,3866,5,4,Rural,32,1,Yes,27.8,8.4,114.11
PROP-1876,1874,3,2,Suburban,13,0,No,15.6,9.0,71.38
PROP-1877,1578,2,1,Suburban,19,2,Yes,12.6,9.3,69.19
PROP-1878,2686,5,4,Urban,14,2,No,3.9,7.1,136.73
PROP-1879,3158,4,3,Suburban,31,1,Yes,7.4,7.8,122.05
PROP-1880,3429,5,4,Rural,32,1,Yes,16.4,9.0,106.83
PROP-1881,3449,5,4,Suburban,16,3,Yes,10.1,5.8,137.21
PROP-1882,1574,2,1,Suburban,23,1,No,9.7,8.6,53.27
PROP-1883,3606,3,2,Urban,29,1,Yes,6.7,7.2,172.35
PROP-1884,2231,3,2,Urban,12,0,Yes,5.7,8.3,107.75
PROP-1885,3974,5,4,Urban,15,2,No,5.0,7.1,190.94
PROP-1886,1039,2,2,Urban,1,0,Yes,4.1,8.9,67.09
PROP-1887,2267,3,3,Urban,16,3,No,2.0,7.2,121.05
PROP-1888,3580,4,3,Urban,31,2,No,6.9,4.4,164.0
PROP-1889,905,2,2,Urban,7,2,No,3.3,9.1,54.92
PROP-1890,1358,2,2,Rural,2,2,Yes,16.8,5.3,42.81
PROP-1891,2488,4,4,Suburban,11,1,No,11.9,8.8,101.82
PROP-1892,2594,4,3,Suburban,19,1,Yes,16.5,6.7,103.41
PROP-1893,3147,4,3,Suburban,15,2,Yes,16.6,8.7,125.23
PROP-1894,659,1,1,Urban,13,3,Yes,1.1,8.6,52.2
PROP-1895,3521,5,4,Suburban,15,1,Yes,16.6,7.5,134.12
PROP-1896,1447,2,2,Urban,32,3,No,2.6,7.6,69.93
PROP-1897,3963,5,4,Suburban,29,1,No,6.5,7.5,147.47
PROP-1898,3972,5,4,Urban,11,1,No,6.1,3.6,184.99
PROP-1899,1526,2,2,Rural,14,1,No,29.7,7.0,32.54
PROP-1900,1678,3,2,Urban,17,1,No,4.6,5.0,80.01
PROP-1901,3840,5,4,Urban,27,0,No,4.4,7.1,182.0
PROP-1902,1665,2,1,Rural,22,1,Yes,28.8,5.0,40.94
PROP-1903,2474,4,4,Urban,13,1,Yes,5.7,4.9,126.48
PROP-1904,1023,1,1,Suburban,29,1,Yes,16.7,9.4,36.35
PROP-1905,3786,4,3,Suburban,32,1,Yes,12.6,8.5,139.72
PROP-1906,2843,3,2,Suburban,14,3,Yes,17.6,6.8,115.07
PROP-1907,873,1,1,Rural,6,1,Yes,31.9,7.1,25.85
PROP-1908,1912,3,2,Rural,14,1,Yes,17.0,6.4,57.72
PROP-1909,2874,5,4,Urban,10,0,No,6.1,7.7,140.18
PROP-1910,2452,4,3,Suburban,28,0,Yes,12.0,5.7,85.84
PROP-1911,1502,2,2,Suburban,30,2,No,10.7,8.4,54.07
PROP-1912,4003,5,3,Suburban,24,1,Yes,13.4,6.4,150.53
PROP-1913,712,2,2,Urban,23,2,Yes,1.3,6.1,43.08
PROP-1914,1890,2,1,Suburban,18,0,Yes,12.1,6.8,67.18
PROP-1915,3524,4,3,Rural,1,1,Yes,29.8,5.9,101.14
PROP-1916,3492,5,4,Rural,21,1,Yes,18.6,7.3,102.28
PROP-1917,1338,1,1,Suburban,19,1,No,11.1,5.9,42.65
PROP-1918,2134,4,3,Urban,32,0,No,6.6,7.5,103.62
PROP-1919,2283,3,2,Urban,7,0,No,3.6,8.7,116.82
PROP-1920,2802,4,3,Suburban,24,1,Yes,10.3,5.6,106.84
PROP-1921,3820,5,3,Suburban,8,0,Yes,11.3,6.6,151.45
PROP-1922,1160,1,1,Suburban,33,3,Yes,12.2,7.5,38.87
PROP-1923,1034,1,1,Urban,22,1,No,4.8,6.1,41.25
PROP-1924,1054,1,1,Suburban,4,0,Yes,15.6,7.5,36.05
PROP-1925,3520,5,4,Suburban,24,0,Yes,11.4,7.7,133.85
PROP-1926,1167,1,1,Rural,7,1,Yes,28.9,8.5,27.32
PROP-1927,1125,2,2,Suburban,15,0,No,12.4,5.8,40.21
PROP-1928,2650,5,4,Urban,14,2,Yes,3.0,5.3,137.46
PROP-1929,3406,5,3,Suburban,0,3,No,13.9,6.3,135.29
PROP-1930,2318,3,2,Urban,21,1,Yes,5.3,5.3,116.48
PROP-1931,2543,4,3,Rural,2,1,Yes,24.5,7.7,78.06
PROP-1932,3468,5,4,Urban,13,0,No,1.3,4.9,168.04
PROP-1933,2110,3,2,Suburban,17,2,No,8.0,10.0,87.35
PROP-1934,3744,5,4,Urban,17,1,No,2.7,8.9,182.02
PROP-1935,3694,5,4,Suburban,2,1,Yes,9.4,6.8,155.78
PROP-1936,3374,5,4,Suburban,9,1,Yes,14.1,8.2,139.14
PROP-1937,1363,2,2,Suburban,0,2,Yes,6.2,4.2,65.82
PROP-1938,4179,5,4,Urban,26,1,No,5.5,10.0,199.62
PROP-1939,732,2,1,Urban,26,0,Yes,2.6,5.9,32.86
PROP-1940,1818,2,1,Urban,10,2,Yes,2.9,6.6,93.59
PROP-1941,3806,5,4,Suburban,4,1,No,12.3,3.8,145.43
PROP-1942,3799,5,4,Urban,6,2,Yes,2.3,7.6,192.54
PROP-1943,3154,5,3,Suburban,18,0,Yes,16.6,5.0,115.48
PROP-1944,2551,4,3,Rural,28,2,No,16.5,7.0,66.32
PROP-1945,2698,3,2,Rural,14,2,Yes,22.6,5.9,77.16
PROP-1946,700,1,1,Suburban,34,0,Yes,16.2,5.1,15.0
PROP-1947,1334,2,2,Suburban,11,2,Yes,13.4,5.5,46.46
PROP-1948,1366,2,1,Urban,29,1,Yes,2.8,7.2,66.92
PROP-1949,2119,3,2,Suburban,19,3,No,11.0,4.7,76.27
PROP-1950,1098,1,1,Suburban,2,0,Yes,14.5,5.6,35.32
PROP-1951,1530,3,2,Urban,8,2,No,6.8,7.9,85.6
PROP-1952,1137,1,1,Suburban,25,1,Yes,16.7,10.0,39.98
PROP-1953,2473,3,2,Suburban,1,3,No,10.1,7.6,105.75
PROP-1954,2731,4,3,Rural,22,1,No,32.0,5.3,64.45
PROP-1955,4069,5,3,Urban,22,3,No,1.0,6.2,208.02
PROP-1956,2792,4,3,Suburban,20,3,Yes,6.3,6.9,113.25
PROP-1957,3793,5,4,Urban,15,1,No,5.9,6.2,189.29
PROP-1958,2224,3,2,Urban,8,2,No,2.2,8.2,115.01
PROP-1959,2851,4,3,Rural,12,3,Yes,16.0,7.1,87.01
PROP-1960,899,1,1,Suburban,27,1,Yes,8.8,8.3,33.14
PROP-1961,1323,2,2,Suburban,26,1,Yes,11.1,6.3,47.62
PROP-1962,1087,2,1,Urban,16,1,Yes,5.4,8.9,54.2
PROP-1963,2815,3,1,Suburban,0,1,Yes,13.5,6.5,105.59
PROP-1964,1420,2,1,Suburban,17,0,No,8.9,5.2,44.7
PROP-1965,4027,5,4,Urban,8,1,Yes,4.0,10.0,208.43
PROP-1966,917,2,1,Suburban,12,1,Yes,17.1,3.9,20.48
PROP-1967,2634,5,4,Urban,14,1,No,5.9,5.6,134.44
PROP-1968,1727,2,1,Suburban,3,0,Yes,9.9,5.8,63.81
PROP-1969,885,1,1,Suburban,32,2,Yes,17.8,10.0,24.4
PROP-1970,1038,2,1,Urban,23,2,Yes,5.3,9.7,59.93
PROP-1971,3687,5,4,Urban,9,0,No,1.4,9.2,185.22
PROP-1972,1412,3,1,Urban,19,2,No,1.2,6.3,74.6
PROP-1973,2498,4,3,Urban,10,2,No,2.0,10.0,135.04
PROP-1974,3098,5,3,Suburban,11,3,No,14.7,7.4,124.06
PROP-1975,1273,2,2,Suburban,17,0,Yes,8.2,8.4,50.07
PROP-1976,3464,5,4,Urban,29,1,No,4.1,7.1,166.87
PROP-1977,4024,5,4,Urban,19,3,No,1.6,6.7,198.6
PROP-1978,3616,5,4,Suburban,24,3,Yes,17.1,6.4,137.09
PROP-1979,3928,5,3,Suburban,11,2,Yes,10.1,6.5,158.1
PROP-1980,1902,3,2,Urban,20,2,No,6.4,7.8,92.58
PROP-1981,3550,5,4,Urban,24,0,No,6.7,7.4,167.67
PROP-1982,1227,1,1,Suburban,10,1,Yes,6.1,6.7,52.7
PROP-1983,2772,4,4,Urban,8,1,Yes,3.8,9.2,147.3
PROP-1984,1084,2,1,Urban,24,0,No,1.1,2.1,40.26
PROP-1985,2800,4,3,Suburban,34,2,No,16.9,7.6,96.67
PROP-1986,4143,5,3,Suburban,31,0,Yes,12.2,7.9,152.98
PROP-1987,1413,2,2,Suburban,13,1,Yes,6.9,8.6,61.87
PROP-1988,3435,5,4,Suburban,0,3,No,7.3,6.7,148.3
PROP-1989,3503,5,4,Suburban,16,0,Yes,10.6,7.1,134.4
PROP-1990,1979,2,2,Urban,24,3,No,6.6,8.4,94.43
PROP-1991,2795,4,3,Urban,7,3,No,5.2,9.2,150.33
PROP-1992,3495,5,3,Urban,4,1,No,6.2,6.3,173.3
PROP-1993,2008,3,3,Urban,4,0,No,3.2,7.2,98.73
PROP-1994,3556,5,3,Suburban,34,1,No,6.5,9.5,138.22
PROP-1995,3132,5,4,Rural,18,1,Yes,31.6,3.4,76.97
PROP-1996,1096,2,2,Rural,22,1,No,15.3,5.7,26.89
PROP-1997,2667,4,3,Suburban,8,1,Yes,17.4,9.1,103.53
PROP-1998,1981,3,3,Urban,29,3,No,3.2,8.5,106.74
PROP-1999,898,2,2,Urban,15,0,No,1.1,7.6,40.12
PROP-2000,815,2,1,Suburban,32,2,No,14.3,6.1,24.91
PROP-2001,3681,5,4,Suburban,1,0,No,17.8,5.4,137.9
PROP-2002,2008,3,2,Suburban,13,1,Yes,17.6,5.9,72.57
PROP-2003,1669,2,1,Suburban,0,3,Yes,7.9,9.3,79.2
PROP-2004,1191,2,1,Suburban,25,1,Yes,8.2,5.8,43.52
PROP-2005,1408,3,2,Suburban,24,0,Yes,12.8,7.0,46.96
PROP-2006,3827,5,4,Urban,15,2,No,4.8,5.6,184.05
PROP-2007,2778,3,3,Suburban,14,2,No,14.9,8.1,107.91
PROP-2008,2830,4,3,Rural,25,2,Yes,18.1,5.9,75.6
PROP-2009,1446,2,1,Urban,15,1,No,6.8,6.6,64.1
PROP-2010,3597,5,3,Suburban,13,1,Yes,13.7,4.1,146.07
PROP-2011,787,2,1,Urban,28,3,Yes,6.1,4.2,33.81
PROP-2012,2881,4,4,Rural,23,3,Yes,24.2,6.8,90.07
PROP-2013,4122,5,3,Urban,14,1,Yes,3.5,4.7,197.54
PROP-2014,2003,2,1,Suburban,18,2,No,17.7,10.0,74.05
PROP-2015,3482,5,4,Urban,7,1,Yes,4.5,3.5,175.46
PROP-2016,2525,4,3,Suburban,33,1,Yes,16.4,5.5,92.06
PROP-2017,3681,5,4,Urban,1,0,No,6.7,6.8,181.02
PROP-2018,718,1,1,Urban,26,1,Yes,5.1,6.2,38.22
PROP-2019,3243,4,4,Suburban,9,1,Yes,12.6,5.0,124.06
PROP-2020,2750,5,4,Rural,34,0,No,15.1,5.3,72.36
PROP-2021,2123,3,3,Urban,22,1,No,1.2,5.2,101.31
PROP-2022,854,1,1,Urban,7,2,No,2.2,6.3,41.27
PROP-2023,2823,4,3,Suburban,27,2,Yes,8.2,9.9,113.61
PROP-2024,692,1,1,Suburban,22,2,Yes,9.1,6.9,26.97
PROP-2025,2556,3,2,Rural,3,3,No,20.2,8.7,78.95
PROP-2026,2808,3,3,Urban,13,0,No,3.2,7.6,143.28
PROP-2027,1410,2,2,Suburban,28,1,No,11.0,8.6,45.35
PROP-2028,3904,5,4,Urban,0,2,No,1.6,2.3,197.3
PROP-2029,3545,4,4,Urban,3,1,No,1.3,6.3,180.35
PROP-2030,2792,5,4,Suburban,31,1,No,14.1,8.9,104.62
PROP-2031,2644,4,2,Suburban,32,0,No,12.4,5.9,84.17
PROP-2032,4095,5,4,Suburban,25,2,Yes,11.3,9.6,159.34
PROP-2033,2585,4,3,Urban,16,1,No,4.8,9.2,127.96
PROP-2034,1549,2,1,Suburban,22,2,Yes,15.9,6.0,47.43
PROP-2035,1009,2,2,Suburban,31,1,No,11.1,6.0,25.5
PROP-2036,3597,5,3,Rural,14,2,Yes,25.9,5.2,98.5
PROP-2037,2369,4,3,Urban,12,2,Yes,6.7,5.8,126.76
PROP-2038,930,1,1,Urban,1,2,No,6.0,4.8,48.83
PROP-2039,3916,5,3,Urban,18,1,No,3.6,7.5,191.66
PROP-2040,2537,4,3,Suburban,23,1,Yes,13.7,4.5,94.58
PROP-2041,3916,5,4,Urban,23,2,Yes,2.1,7.8,197.07
PROP-2042,1316,2,2,Rural,10,1,No,24.5,7.8,38.13
PROP-2043,742,2,1,Urban,21,1,No,6.9,4.1,26.26
PROP-2044,1321,2,1,Rural,14,0,No,23.8,9.3,30.26
PROP-2045,2619,3,2,Urban,9,3,No,6.6,7.6,134.32
PROP-2046,710,1,1,Suburban,26,0,Yes,10.9,8.0,16.47
PROP-2047,3331,5,4,Rural,8,2,No,32.0,5.6,104.74
PROP-2048,3772,5,4,Urban,27,1,No,4.5,7.8,180.71
PROP-2049,4124,5,4,Rural,0,1,Yes,15.7,8.6,134.13
PROP-2050,1678,3,2,Suburban,16,2,Yes,13.0,6.6,71.51
PROP-2051,2139,2,2,Rural,30,0,No,19.7,10.0,54.05
PROP-2052,1253,2,1,Suburban,9,1,No,6.4,6.9,48.67
PROP-2053,1331,2,2,Urban,28,2,No,5.9,8.6,64.04
PROP-2054,3231,5,3,Urban,17,2,No,2.7,7.3,156.05
PROP-2055,2078,2,1,Urban,5,0,Yes,5.8,7.7,100.21
PROP-2056,3535,5,3,Urban,11,2,Yes,2.7,4.1,178.34
PROP-2057,3342,4,3,Urban,13,2,No,2.2,7.4,167.67
PROP-2058,2930,3,2,Urban,9,2,Yes,6.8,5.6,148.3
PROP-2059,1173,2,2,Suburban,19,1,No,10.3,5.4,38.7
PROP-2060,3043,5,4,Suburban,14,1,Yes,13.2,9.6,121.0
PROP-2061,3767,5,3,Urban,30,3,No,4.7,6.5,184.03
PROP-2062,3243,5,4,Urban,6,2,No,4.4,5.2,168.99
PROP-2063,2618,4,3,Suburban,9,1,Yes,17.0,6.2,104.85
PROP-2064,1751,2,1,Urban,9,1,No,5.0,4.7,79.77
PROP-2065,2403,3,3,Urban,27,1,No,3.4,9.1,119.29
PROP-2066,2486,4,3,Urban,29,1,No,6.2,5.7,126.11
PROP-2067,3794,5,3,Rural,2,1,Yes,18.1,7.6,119.64
PROP-2068,3491,5,4,Suburban,14,1,Yes,12.5,9.0,136.52
PROP-2069,2946,4,3,Urban,20,2,No,6.7,6.0,138.94
PROP-2070,2744,4,3,Suburban,11,0,Yes,13.5,7.7,109.2
PROP-2071,1794,3,3,Suburban,3,2,Yes,15.8,5.2,68.94
PROP-2072,2911,4,3,Suburban,8,0,No,13.8,10.0,113.97
PROP-2073,2936,5,4,Suburban,27,1,Yes,16.1,8.3,114.67
PROP-2074,1729,2,2,Suburban,22,0,No,17.3,6.5,58.17
PROP-2075,3047,5,4,Urban,21,1,No,2.6,5.6,152.86
PROP-2076,756,1,1,Urban,23,2,No,2.0,6.6,37.99
PROP-2077,3528,4,3,Suburban,25,2,No,11.8,6.3,121.28
PROP-2078,697,1,1,Rural,29,1,Yes,26.9,9.9,15.0
PROP-2079,986,1,1,Suburban,32,1,Yes,8.7,4.8,29.79
PROP-2080,1699,2,1,Suburban,15,1,Yes,6.0,7.0,67.1
PROP-2081,3501,4,3,Rural,21,2,Yes,20.8,6.8,95.23
PROP-2082,1930,3,3,Urban,17,2,No,6.8,6.6,92.61
PROP-2083,2705,4,3,Suburban,6,1,No,14.3,6.6,99.97
PROP-2084,1274,1,1,Suburban,25,2,Yes,10.8,6.6,37.25
PROP-2085,2540,4,2,Rural,7,2,Yes,18.3,8.2,82.41
PROP-2086,1926,3,3,Rural,5,0,No,21.1,7.8,52.19
PROP-2087,2365,4,3,Suburban,29,1,Yes,8.0,7.5,100.89
PROP-2088,3416,5,4,Urban,22,3,No,1.6,2.0,163.97
PROP-2089,952,2,2,Suburban,31,2,No,16.9,7.3,32.79
PROP-2090,1288,1,1,Urban,21,1,No,7.0,4.2,45.26
PROP-2091,705,1,1,Suburban,8,1,Yes,8.0,7.8,30.06
PROP-2092,1375,2,2,Rural,30,1,Yes,15.9,9.2,37.79
PROP-2093,1175,1,1,Urban,6,1,Yes,3.0,5.3,56.36
PROP-2094,1123,2,1,Suburban,8,2,Yes,11.5,6.4,45.83
PROP-2095,677,1,1,Suburban,12,1,Yes,8.5,5.8,25.29
PROP-2096,2775,5,4,Suburban,2,2,No,9.6,8.8,119.68
PROP-2097,3937,5,4,Urban,34,2,No,2.2,7.0,194.26
PROP-2098,4107,5,4,Suburban,32,0,No,15.3,9.6,149.78
PROP-2099,1014,2,2,Rural,20,1,Yes,27.1,7.5,24.6
PROP-2100,3363,5,3,Rural,30,1,No,25.8,7.2,89.37
PROP-2101,1175,1,1,Urban,33,2,Yes,3.3,6.9,55.62
PROP-2102,3396,4,2,Rural,31,1,Yes,30.5,8.1,86.46
PROP-2103,1985,4,2,Suburban,34,2,Yes,17.6,4.0,65.37
PROP-2104,1532,2,1,Urban,14,2,Yes,2.0,6.9,80.57
PROP-2105,1680,3,2,Urban,31,1,Yes,2.3,6.7,84.9
PROP-2106,1676,3,2,Urban,5,3,Yes,4.2,8.0,100.92
PROP-2107,2296,5,4,Rural,20,3,Yes,16.6,6.5,76.43
PROP-2108,1568,2,2,Suburban,32,0,No,11.2,5.1,47.07
PROP-2109,3447,5,4,Suburban,31,1,Yes,13.0,6.8,128.5
PROP-2110,3060,5,4,Urban,18,3,Yes,4.1,5.1,157.6
PROP-2111,2424,3,2,Suburban,32,3,Yes,10.0,3.7,85.12
PROP-2112,2181,4,3,Urban,27,0,No,4.3,8.0,102.61
PROP-2113,3995,5,3,Urban,30,0,Yes,6.8,7.7,192.38
PROP-2114,3503,5,3,Suburban,20,0,Yes,8.5,7.5,135.1
PROP-2115,3436,5,4,Urban,33,3,Yes,4.9,8.9,174.06
PROP-2116,2556,2,2,Suburban,14,0,Yes,6.5,5.7,88.78
PROP-2117,3736,5,3,Urban,13,1,No,1.4,4.5,178.47
PROP-2118,1865,3,2,Suburban,18,2,Yes,12.6,6.7,72.42
PROP-2119,2304,4,3,Suburban,14,0,Yes,7.3,6.2,88.58
PROP-2120,1134,2,2,Suburban,5,2,Yes,6.3,5.5,52.28
PROP-2121,2725,5,4,Urban,8,1,No,2.0,6.7,139.53
PROP-2122,1363,2,2,Urban,19,2,No,4.4,5.8,65.52
PROP-2123,1712,2,2,Rural,33,1,Yes,27.0,3.9,31.79
PROP-2124,2626,4,3,Urban,25,2,No,2.2,6.1,123.94
PROP-2125,1946,3,2,Suburban,17,2,No,14.0,5.0,67.8
PROP-2126,1904,1,1,Rural,27,1,No,18.1,7.2,41.1
PROP-2127,2783,4,3,Urban,8,0,No,4.7,5.8,138.44
PROP-2128,4195,5,4,Urban,31,1,No,3.5,8.6,200.61
PROP-2129,775,1,1,Suburban,5,1,Yes,13.8,9.4,32.47
PROP-2130,3509,4,2,Rural,13,2,Yes,31.9,7.9,99.85
PROP-2131,1186,1,1,Rural,27,2,Yes,30.9,4.3,22.39
PROP-2132,2842,4,3,Suburban,23,1,Yes,6.1,9.2,117.69
PROP-2133,3933,5,4,Suburban,12,2,Yes,16.6,9.3,160.08
PROP-2134,2722,4,3,Urban,11,2,No,1.4,6.8,141.22
PROP-2135,2253,4,4,Rural,18,2,No,31.2,8.9,68.81
PROP-2136,4115,5,3,Rural,20,1,No,19.8,5.9,117.05
PROP-2137,716,1,1,Urban,26,1,No,3.3,3.8,26.55
PROP-2138,882,3,2,Urban,18,1,No,1.5,5.6,48.83
PROP-2139,2806,4,3,Urban,23,1,No,1.7,9.6,135.39
PROP-2140,1819,2,2,Urban,25,1,No,5.4,4.4,72.86
PROP-2141,2808,4,3,Suburban,27,1,Yes,17.3,6.8,102.48
PROP-2142,2925,4,2,Urban,17,0,No,4.7,6.9,137.15
PROP-2143,760,1,2,Urban,28,2,No,5.3,6.0,30.33
PROP-2144,2143,3,2,Urban,16,1,No,5.6,6.1,103.77
PROP-2145,2731,4,3,Rural,3,0,Yes,19.5,6.9,76.89
PROP-2146,1272,1,1,Suburban,28,1,Yes,6.5,5.9,39.98
PROP-2147,4090,5,4,Suburban,3,1,Yes,6.0,4.5,161.72
PROP-2148,3445,5,4,Urban,9,1,Yes,3.1,7.1,171.15
PROP-2149,3292,4,3,Rural,24,1,No,19.1,8.5,96.62
PROP-2150,3122,4,4,Suburban,30,1,Yes,6.7,8.2,116.75
PROP-2151,3310,4,3,Urban,2,1,Yes,2.1,5.5,165.72
PROP-2152,2191,2,2,Urban,1,1,Yes,1.7,4.8,114.2
PROP-2153,3389,5,4,Urban,24,0,No,6.5,6.3,161.06
PROP-2154,1955,3,3,Urban,5,2,No,1.8,9.3,104.17
PROP-2155,4041,5,4,Suburban,25,1,No,12.5,7.8,152.66
PROP-2156,2411,4,3,Rural,7,1,No,25.1,7.9,71.04
PROP-2157,4164,5,3,Suburban,34,0,Yes,12.5,8.2,159.46
PROP-2158,2625,3,3,Suburban,26,1,No,7.2,7.5,97.7
PROP-2159,3012,4,3,Suburban,24,1,No,9.8,7.0,110.24
PROP-2160,1526,2,1,Suburban,17,1,Yes,6.6,7.9,57.34
PROP-2161,2639,3,3,Suburban,0,2,Yes,10.7,5.9,106.75
PROP-2162,4098,5,4,Urban,2,0,No,2.1,4.5,196.2
PROP-2163,1962,2,2,Urban,3,1,No,4.4,8.0,104.08
PROP-2164,2110,2,1,Suburban,14,2,Yes,14.3,8.8,81.77
PROP-2165,3359,4,4,Urban,7,3,No,4.2,5.0,170.85
PROP-2166,2974,4,3,Urban,18,0,Yes,3.6,8.1,152.21
PROP-2167,2383,4,2,Suburban,25,1,Yes,10.6,9.5,85.45
PROP-2168,2255,3,2,Rural,9,1,No,29.3,6.8,61.5
PROP-2169,2176,3,2,Suburban,13,0,Yes,8.6,5.5,81.81
PROP-2170,3321,5,3,Suburban,18,1,Yes,14.8,7.0,128.98
PROP-2171,3213,5,4,Suburban,29,0,Yes,15.1,5.9,113.84
PROP-2172,4071,5,4,Suburban,4,2,Yes,11.0,5.8,161.41
PROP-2173,3540,5,4,Suburban,30,1,Yes,9.6,7.5,137.49
PROP-2174,4167,5,4,Rural,6,0,Yes,23.0,4.2,127.64
PROP-2175,3047,4,2,Suburban,18,0,Yes,7.1,4.5,115.31
PROP-2176,2280,4,3,Suburban,30,2,Yes,6.6,6.8,94.96
PROP-2177,3520,5,3,Suburban,23,0,Yes,7.3,6.8,133.12
PROP-2178,1810,3,2,Suburban,33,2,Yes,8.2,7.3,66.55
PROP-2179,1408,2,1,Urban,22,1,No,4.0,9.8,65.25
PROP-2180,3596,5,4,Urban,5,1,No,6.1,7.0,177.74
PROP-2181,892,1,1,Urban,26,1,No,2.4,7.8,31.76
PROP-2182,3240,4,3,Rural,10,0,Yes,30.9,5.2,83.1
PROP-2183,1713,4,4,Urban,4,1,Yes,6.7,8.0,96.5
PROP-2184,878,1,1,Urban,16,0,Yes,6.8,6.0,38.08
PROP-2185,3245,3,3,Suburban,6,1,Yes,16.1,6.9,124.78
PROP-2186,1569,3,2,Urban,26,2,No,3.2,6.6,77.0
PROP-2187,1896,3,2,Suburban,14,1,No,6.9,8.5,75.24
PROP-2188,655,2,2,Urban,12,0,No,4.4,4.7,27.64
PROP-2189,4043,5,4,Rural,10,1,Yes,24.5,3.1,107.47
PROP-2190,1117,2,1,Rural,25,2,Yes,29.4,6.5,19.65
PROP-2191,2405,5,3,Rural,21,3,Yes,31.9,7.5,67.72
PROP-2192,724,1,1,Suburban,27,1,No,12.1,7.0,19.16
PROP-2193,653,1,1,Suburban,23,1,No,10.1,8.8,23.61
PROP-2194,2520,3,2,Urban,28,1,Yes,2.1,7.5,124.28
PROP-2195,1295,2,1,Urban,8,3,No,1.0,5.9,71.97
PROP-2196,767,2,1,Urban,3,2,Yes,4.1,3.1,42.79
PROP-2197,3578,5,3,Suburban,17,1,Yes,12.7,6.4,135.33
PROP-2198,2279,4,3,Suburban,15,1,Yes,15.9,8.4,88.66
PROP-2199,3201,3,2,Suburban,32,1,Yes,12.1,6.2,106.44
PROP-2200,2671,3,2,Urban,28,1,Yes,6.5,6.8,127.76
PROP-2201,1596,1,1,Suburban,9,2,No,13.5,7.5,57.29
PROP-2202,3271,5,4,Suburban,8,1,No,16.1,5.2,119.72
PROP-2203,2114,4,2,Suburban,30,0,Yes,7.8,7.8,75.83
PROP-2204,843,2,2,Suburban,27,2,Yes,16.3,9.4,30.47
PROP-2205,1496,2,2,Urban,2,2,No,5.1,6.5,78.82
PROP-2206,3412,5,4,Suburban,13,1,Yes,8.0,5.0,138.94
PROP-2207,2065,3,2,Suburban,24,2,Yes,8.3,6.7,79.06
PROP-2208,3747,5,3,Urban,14,1,No,6.6,3.2,166.95
PROP-2209,2108,2,1,Urban,1,2,No,1.2,7.3,107.37
PROP-2210,2870,4,3,Suburban,23,2,Yes,11.6,7.5,111.85
PROP-2211,4021,5,3,Suburban,13,1,Yes,9.8,9.5,159.81
PROP-2212,2318,3,2,Suburban,6,2,Yes,14.0,6.5,90.75
PROP-2213,3023,3,2,Urban,23,2,No,6.0,7.5,142.64
PROP-2214,2083,4,3,Rural,26,1,Yes,21.1,5.4,56.18
PROP-2215,1791,2,1,Suburban,29,1,Yes,11.1,6.2,59.75
PROP-2216,3533,5,4,Suburban,26,2,No,17.8,4.4,127.92
PROP-2217,2460,4,3,Suburban,14,1,Yes,15.4,6.5,93.97
PROP-2218,1373,1,1,Urban,25,1,Yes,6.4,6.3,58.74
PROP-2219,874,1,1,Suburban,0,2,Yes,11.3,7.3,45.83
PROP-2220,1181,2,1,Urban,3,2,No,2.4,5.8,64.75
PROP-2221,762,2,2,Rural,28,1,Yes,22.0,6.9,17.67
PROP-2222,2837,4,3,Suburban,0,1,Yes,14.6,6.3,118.77
PROP-2223,1208,2,1,Suburban,21,1,Yes,7.3,6.3,46.6
PROP-2224,2698,3,3,Suburban,10,1,Yes,9.2,6.9,110.51
PROP-2225,2787,4,3,Rural,9,0,Yes,15.8,6.9,79.04
PROP-2226,1303,2,1,Suburban,16,2,Yes,11.2,8.0,53.72
PROP-2227,969,1,1,Suburban,25,1,Yes,15.9,6.6,27.62
PROP-2228,2223,3,2,Suburban,20,1,Yes,6.3,6.2,91.16
PROP-2229,2478,3,3,Suburban,12,1,Yes,14.1,6.5,98.67
PROP-2230,2567,3,2,Suburban,8,3,Yes,17.2,5.7,98.24
PROP-2231,788,1,1,Urban,10,1,No,2.4,6.2,39.59
PROP-2232,3542,5,4,Suburban,10,0,Yes,14.3,10.0,143.1
PROP-2233,2676,4,4,Urban,5,0,No,6.9,5.3,132.13
PROP-2234,2956,4,3,Rural,0,1,Yes,31.4,6.4,82.37
PROP-2235,1551,2,1,Urban,5,1,No,2.4,6.2,77.92
PROP-2236,1339,2,2,Rural,12,1,Yes,16.7,6.4,38.24
PROP-2237,2689,3,2,Suburban,21,1,Yes,7.8,6.3,101.6
PROP-2238,659,1,1,Suburban,30,0,No,14.4,7.2,15.0
PROP-2239,910,2,1,Suburban,21,1,No,14.7,4.1,20.85
PROP-2240,2592,2,2,Urban,26,1,No,5.0,8.5,122.83
PROP-2241,2323,3,2,Urban,13,0,Yes,3.0,7.8,111.94
PROP-2242,2869,3,2,Urban,4,0,No,2.0,4.8,132.31
PROP-2243,3595,5,4,Suburban,31,0,Yes,13.0,3.2,126.31
PROP-2244,2710,4,3,Suburban,33,0,Yes,11.8,5.2,91.5
PROP-2245,1841,2,1,Suburban,6,2,Yes,14.7,6.4,68.52
PROP-2246,2269,4,2,Urban,9,0,Yes,3.6,10.0,120.34
PROP-2247,970,1,1,Urban,16,1,Yes,3.0,7.7,44.69
PROP-2248,1992,2,2,Suburban,29,0,Yes,9.5,3.9,60.12
PROP-2249,2286,3,3,Rural,20,3,Yes,18.6,5.7,75.69
PROP-2250,3026,4,3,Suburban,12,2,Yes,9.2,6.7,124.01
PROP-2251,3482,5,4,Suburban,0,1,No,7.1,7.2,140.05
PROP-2252,3474,5,4,Suburban,0,1,No,10.2,4.7,138.39
PROP-2253,2644,4,3,Urban,32,1,No,1.2,6.6,126.08
PROP-2254,3608,4,3,Rural,24,1,Yes,18.2,5.7,103.76
PROP-2255,2593,4,2,Suburban,25,0,Yes,15.0,5.0,88.98
PROP-2256,2688,3,3,Urban,12,2,No,3.0,7.2,137.69
PROP-2257,4140,5,4,Suburban,27,1,Yes,14.0,8.0,149.29
PROP-2258,1768,4,3,Urban,32,2,No,5.3,8.1,83.64
PROP-2259,2254,3,2,Rural,29,0,Yes,24.9,7.7,54.84
PROP-2260,3015,5,4,Urban,7,2,Yes,6.8,6.0,158.39
PROP-2261,885,2,2,Suburban,0,2,Yes,6.3,7.9,45.85
PROP-2262,2619,4,4,Urban,11,0,No,5.4,7.3,130.32
PROP-2263,983,1,1,Suburban,4,1,Yes,17.5,7.0,34.69
PROP-2264,2558,3,2,Suburban,23,0,Yes,16.3,5.8,86.31
PROP-2265,1025,1,1,Suburban,5,1,Yes,8.0,6.0,45.27
PROP-2266,4180,5,4,Suburban,24,1,Yes,9.9,6.9,162.82
PROP-2267,1810,2,1,Rural,0,1,Yes,17.9,10.0,56.1
PROP-2268,3285,5,4,Urban,24,1,Yes,4.6,7.3,159.49
PROP-2269,2220,3,2,Urban,0,3,No,5.3,5.8,114.0
PROP-2270,3210,5,4,Urban,31,0,No,2.9,5.5,148.67
PROP-2271,1969,3,2,Rural,2,3,Yes,24.2,6.0,60.34
PROP-2272,4041,5,4,Urban,18,1,No,5.1,10.0,202.87
PROP-2273,3615,5,4,Suburban,28,2,No,11.1,6.2,136.16
PROP-2274,2505,4,3,Suburban,1,1,Yes,16.2,8.3,105.94
PROP-2275,2022,3,2,Urban,8,0,No,5.6,6.2,91.87
PROP-2276,1522,1,1,Urban,16,2,No,1.4,7.2,77.4
PROP-2277,1902,3,1,Urban,16,1,No,4.7,8.1,81.9
PROP-2278,2967,4,3,Suburban,11,2,Yes,8.8,5.9,122.67
PROP-2279,2501,4,3,Urban,19,1,Yes,4.3,5.8,127.25
PROP-2280,3495,5,4,Urban,2,1,Yes,6.7,9.5,182.03
PROP-2281,1964,2,1,Rural,3,1,No,29.9,8.4,54.03
PROP-2282,1374,1,1,Rural,16,2,Yes,21.9,8.1,36.36
PROP-2283,3886,5,4,Urban,14,0,No,2.7,8.1,190.08
PROP-2284,2702,3,2,Urban,32,2,Yes,2.4,7.5,131.07
PROP-2285,3548,5,4,Urban,15,2,No,4.2,10.0,192.49
PROP-2286,4100,4,3,Suburban,10,0,Yes,7.4,6.9,162.01
PROP-2287,727,3,2,Suburban,19,0,No,12.6,7.7,27.76
PROP-2288,4131,5,4,Urban,23,2,No,1.0,4.5,194.57
PROP-2289,3271,5,4,Urban,15,1,No,2.9,5.5,160.9
PROP-2290,781,1,1,Suburban,29,1,No,8.6,4.9,15.0
PROP-2291,1250,2,1,Suburban,33,0,Yes,17.7,8.8,39.84
PROP-2292,2422,4,3,Urban,0,1,No,5.4,2.7,119.28
PROP-2293,1715,3,2,Suburban,23,0,Yes,10.2,6.2,57.62
PROP-2294,2786,4,3,Urban,23,1,No,1.6,2.0,127.22
PROP-2295,3099,4,3,Urban,8,2,No,4.1,5.5,150.36
PROP-2296,2993,5,4,Suburban,21,1,Yes,8.6,6.0,118.95
PROP-2297,2513,5,4,Suburban,11,1,Yes,12.4,9.0,104.93
PROP-2298,1968,3,2,Suburban,16,3,No,16.0,7.4,75.47
PROP-2299,1265,3,2,Rural,24,2,No,25.5,5.5,29.36
PROP-2300,3497,5,4,Suburban,27,2,Yes,13.6,8.5,137.08
PROP-2301,3119,5,3,Suburban,14,1,Yes,12.5,6.8,121.55
PROP-2302,2538,4,4,Suburban,29,2,Yes,17.1,6.9,96.89
PROP-2303,1696,2,1,Rural,26,0,Yes,30.8,4.9,31.28
PROP-2304,1224,1,1,Rural,21,0,Yes,23.7,5.2,16.28
PROP-2305,2840,5,4,Urban,9,1,No,2.8,5.5,144.45
PROP-2306,1642,2,2,Rural,30,1,No,22.8,6.9,38.08
PROP-2307,3362,4,3,Suburban,26,2,Yes,8.2,6.9,131.49
PROP-2308,2842,4,3,Suburban,11,1,Yes,13.6,9.3,115.51
PROP-2309,1898,2,1,Urban,30,2,No,4.0,7.4,87.87
PROP-2310,3704,5,4,Suburban,31,2,Yes,7.2,2.5,139.05
PROP-2311,1152,2,2,Rural,31,1,Yes,18.4,7.2,29.25
PROP-2312,2647,4,3,Urban,34,1,Yes,3.9,4.5,115.71
PROP-2313,1470,2,1,Rural,20,1,No,30.1,5.3,19.14
PROP-2314,2801,4,4,Urban,9,1,Yes,4.4,5.5,146.23
PROP-2315,3760,5,3,Urban,15,0,No,5.1,5.7,171.82
PROP-2316,2620,4,2,Suburban,6,3,Yes,10.1,4.6,108.97
PROP-2317,847,2,2,Suburban,3,0,Yes,12.9,7.1,35.44
PROP-2318,2319,4,3,Suburban,26,0,No,11.4,4.5,74.92
PROP-2319,3276,4,3,Urban,24,2,Yes,5.0,7.4,162.44
PROP-2320,3088,5,4,Rural,30,1,Yes,15.9,10.0,96.15
PROP-2321,1852,2,1,Urban,10,2,No,4.0,4.7,94.91
PROP-2322,3251,5,3,Urban,19,1,Yes,2.8,6.3,159.17
PROP-2323,2121,2,1,Urban,16,1,No,3.0,2.8,97.41
PROP-2324,3736,4,3,Suburban,10,1,Yes,17.5,6.3,141.77
PROP-2325,2296,3,2,Rural,29,1,Yes,18.1,7.8,59.48
PROP-2326,2342,3,3,Suburban,34,1,No,9.7,8.0,85.3
PROP-2327,1962,3,3,Suburban,21,2,No,12.1,6.9,75.84
PROP-2328,2685,4,3,Urban,26,1,No,6.2,8.2,128.1
PROP-2329,1127,2,2,Suburban,34,3,Yes,11.0,10.0,47.95
PROP-2330,1904,3,2,Suburban,3,0,Yes,14.9,9.5,76.49
PROP-2331,1572,2,2,Suburban,15,1,Yes,16.3,6.0,53.48
PROP-2332,1069,1,1,Urban,15,1,No,2.9,4.5,48.7
PROP-2333,2854,5,4,Suburban,20,3,Yes,10.7,6.2,117.29
PROP-2334,3247,5,3,Suburban,25,0,Yes,10.3,5.3,119.2
PROP-2335,4162,5,3,Suburban,18,1,Yes,16.0,7.5,158.13
PROP-2336,1770,3,3,Suburban,16,2,Yes,6.5,4.9,74.11
PROP-2337,3718,5,4,Urban,25,1,Yes,2.9,6.7,177.22
PROP-2338,3694,5,4,Suburban,21,2,Yes,14.2,8.1,150.17
PROP-2339,4132,5,4,Urban,27,0,No,4.4,6.6,192.92
PROP-2340,1600,2,1,Rural,0,2,Yes,22.4,5.3,46.14
PROP-2341,2986,5,3,Suburban,1,3,No,12.5,8.7,128.79
PROP-2342,1927,2,1,Urban,16,2,No,2.2,3.8,88.95
PROP-2343,2893,4,4,Rural,20,1,Yes,22.3,6.3,85.56
PROP-2344,3295,5,3,Suburban,8,0,No,12.0,6.7,127.02
PROP-2345,2507,3,1,Urban,12,3,No,6.4,6.8,125.11
PROP-2346,1166,2,1,Suburban,10,1,No,9.1,7.1,48.62
PROP-2347,2308,2,2,Urban,15,0,Yes,6.2,7.8,113.28
PROP-2348,2515,4,2,Suburban,15,2,No,13.7,6.7,94.38
PROP-2349,3562,5,3,Suburban,1,1,Yes,6.2,6.2,142.34
PROP-2350,1791,3,2,Rural,7,0,Yes,27.3,6.1,52.59
PROP-2351,3503,4,4,Suburban,12,1,Yes,6.4,5.8,137.85
PROP-2352,2582,4,2,Suburban,16,0,Yes,18.0,8.1,93.98
PROP-2353,3880,5,3,Suburban,23,1,No,16.5,5.8,132.32
PROP-2354,1464,2,2,Urban,2,2,No,2.8,8.2,82.23
PROP-2355,2925,4,3,Suburban,29,1,No,9.1,6.8,106.28
PROP-2356,2550,4,3,Suburban,12,2,Yes,10.6,6.0,98.53
PROP-2357,2913,5,3,Urban,18,2,No,3.1,7.8,148.78
PROP-2358,3645,4,3,Suburban,6,2,No,10.5,5.6,138.49
PROP-2359,2712,3,2,Rural,8,0,No,20.4,7.8,83.16
PROP-2360,3878,5,4,Rural,18,2,Yes,25.6,7.1,112.56
PROP-2361,3982,5,4,Urban,21,1,No,2.0,5.8,189.27
PROP-2362,3878,5,4,Urban,17,1,No,6.1,7.6,185.12
PROP-2363,2744,4,3,Urban,22,2,No,5.9,7.7,138.61
PROP-2364,3021,5,4,Rural,1,1,Yes,23.1,8.7,98.01
PROP-2365,3541,5,4,Urban,10,3,No,6.1,8.3,179.39
PROP-2366,779,2,1,Suburban,30,0,Yes,9.0,7.6,27.05
PROP-2367,4132,5,4,Urban,32,2,No,1.1,5.0,190.08
PROP-2368,744,1,1,Suburban,13,0,Yes,13.4,10.0,31.31
PROP-2369,3324,4,2,Urban,15,3,No,3.7,4.6,166.42
PROP-2370,3452,5,4,Suburban,10,0,No,12.8,8.3,135.6
PROP-2371,2605,3,2,Urban,32,0,Yes,6.4,7.5,120.57
PROP-2372,4013,5,4,Suburban,6,1,Yes,17.6,4.9,156.77
PROP-2373,1443,2,2,Urban,30,1,No,4.8,6.6,68.89
PROP-2374,2484,3,2,Suburban,13,1,No,15.2,6.7,93.36
PROP-2375,4004,5,4,Rural,27,1,Yes,16.4,8.9,121.18
PROP-2376,2766,4,3,Urban,15,1,No,2.0,5.7,137.73
PROP-2377,2333,4,3,Rural,18,0,Yes,27.5,6.4,58.33
PROP-2378,660,1,1,Suburban,16,1,Yes,11.2,3.1,21.04
PROP-2379,3975,5,4,Urban,25,2,No,3.7,9.6,192.63
PROP-2380,2515,4,4,Suburban,5,2,Yes,9.7,5.1,105.06
PROP-2381,3569,5,4,Urban,8,2,Yes,4.6,7.3,174.02
PROP-2382,3247,4,2,Suburban,16,2,Yes,8.2,6.6,128.59
PROP-2383,3855,5,4,Suburban,30,1,Yes,13.5,6.6,141.12
PROP-2384,1361,2,2,Urban,11,0,No,2.0,8.1,72.01
PROP-2385,2720,5,4,Suburban,22,1,Yes,6.8,9.5,116.02
PROP-2386,1464,2,2,Suburban,4,2,Yes,10.0,7.2,68.67
PROP-2387,995,1,1,Rural,2,3,Yes,18.9,7.8,31.78
PROP-2388,2999,5,4,Suburban,23,1,Yes,16.7,7.3,118.96
PROP-2389,1012,1,1,Rural,16,0,Yes,15.9,8.4,32.85
PROP-2390,3093,5,4,Suburban,25,0,Yes,8.1,6.1,120.94
PROP-2391,2915,4,3,Urban,3,1,No,4.3,8.5,151.74
PROP-2392,2838,5,4,Suburban,11,1,No,11.8,8.6,115.7
PROP-2393,3655,5,4,Suburban,0,0,Yes,6.6,8.5,150.64
PROP-2394,3931,5,3,Suburban,20,3,Yes,6.1,5.7,158.63
PROP-2395,1634,3,2,Suburban,18,1,Yes,17.9,6.5,54.15
PROP-2396,3690,5,3,Suburban,20,3,No,13.9,7.2,139.98
PROP-2397,2289,3,2,Suburban,17,2,Yes,10.4,4.6,80.45
PROP-2398,1477,2,1,Suburban,2,2,Yes,11.6,9.4,64.15
PROP-2399,3380,4,2,Urban,31,2,No,2.6,6.8,159.94
PROP-2400,4181,5,4,Suburban,9,2,No,10.1,7.3,166.44
PROP-2401,3701,5,3,Suburban,14,2,No,13.8,5.9,140.01
PROP-2402,1005,1,1,Urban,4,2,No,6.3,4.7,49.11
PROP-2403,3705,5,3,Suburban,3,1,Yes,8.2,5.8,142.21
PROP-2404,1997,3,2,Suburban,27,3,Yes,16.1,7.2,74.34
PROP-2405,3854,5,3,Urban,3,2,No,1.7,7.9,193.89
PROP-2406,3585,5,3,Urban,14,2,No,2.3,7.1,175.99
PROP-2407,2513,2,2,Urban,16,2,Yes,1.2,7.4,128.22
PROP-2408,776,1,1,Rural,2,1,No,17.4,6.3,16.18
PROP-2409,3827,5,4,Urban,9,0,No,6.5,7.6,184.26
PROP-2410,3706,5,4,Urban,22,1,No,3.8,9.2,174.83
PROP-2411,1253,1,2,Suburban,17,1,No,6.9,7.9,45.13
PROP-2412,4099,5,4,Urban,0,2,Yes,6.8,8.1,207.94
PROP-2413,2578,4,3,Urban,34,1,No,6.3,7.3,118.86
PROP-2414,1663,2,2,Urban,30,1,No,5.5,4.4,65.75
PROP-2415,700,1,1,Suburban,0,1,No,17.2,5.1,22.2
PROP-2416,3750,5,4,Suburban,2,0,Yes,8.6,7.5,151.91
PROP-2417,4183,5,4,Urban,2,2,No,6.0,6.8,215.05
PROP-2418,4017,5,4,Suburban,18,2,No,14.3,7.5,155.02
PROP-2419,4018,5,4,Rural,28,0,Yes,29.8,9.5,104.21
PROP-2420,3476,5,4,Urban,24,1,No,5.8,8.0,163.71
PROP-2421,2080,4,3,Urban,32,1,No,3.1,8.8,101.27
PROP-2422,2442,4,3,Urban,28,0,No,5.6,7.0,109.07
PROP-2423,3511,5,3,Suburban,25,0,Yes,9.1,5.5,119.34
PROP-2424,2286,3,3,Suburban,3,3,Yes,9.9,6.7,104.6
PROP-2425,4126,5,4,Urban,13,1,Yes,1.6,5.5,206.74
PROP-2426,4067,5,4,Suburban,26,1,Yes,17.2,9.3,156.27
PROP-2427,2295,4,3,Urban,32,0,No,2.7,8.1,105.26
PROP-2428,3117,4,2,Suburban,21,2,Yes,12.2,7.6,121.41
PROP-2429,1855,4,3,Suburban,2,2,Yes,10.7,8.8,85.05
PROP-2430,3680,5,4,Urban,22,2,No,6.8,3.6,174.14
PROP-2431,3522,5,4,Suburban,20,0,No,10.0,7.7,129.5
PROP-2432,3722,5,3,Urban,22,2,No,5.7,4.7,181.07
PROP-2433,2504,3,3,Suburban,3,1,Yes,16.3,6.8,93.68
PROP-2434,1216,1,1,Urban,20,1,No,3.6,6.3,57.26
PROP-2435,3068,3,2,Rural,30,1,Yes,21.4,7.9,80.87
PROP-2436,1585,2,2,Urban,20,1,No,5.5,7.2,72.07
PROP-2437,2584,3,2,Rural,25,2,Yes,30.5,9.0,69.29
PROP-2438,3358,4,3,Urban,34,3,No,5.5,5.8,159.28
PROP-2439,4152,5,4,Suburban,23,1,No,8.7,7.9,162.0
PROP-2440,3666,4,4,Urban,10,2,No,6.3,7.1,182.02
PROP-2441,1982,3,2,Rural,28,2,Yes,21.6,4.2,45.71
PROP-2442,3858,4,2,Urban,2,3,No,4.5,5.3,190.11
PROP-2443,851,1,1,Urban,0,1,No,6.0,6.6,50.08
PROP-2444,4157,5,3,Suburban,18,1,Yes,8.3,8.6,167.58
PROP-2445,3010,5,4,Urban,21,1,No,5.7,7.5,150.94
PROP-2446,766,1,1,Urban,13,2,No,4.6,4.9,38.22
PROP-2447,1586,3,2,Rural,13,0,Yes,30.2,6.6,40.38
PROP-2448,1224,2,1,Rural,15,1,Yes,17.9,10.0,41.7
PROP-2449,2941,5,3,Urban,32,1,No,3.5,7.0,137.33
PROP-2450,1186,1,1,Rural,12,1,No,29.2,6.3,15.11
PROP-2451,2275,3,2,Suburban,11,2,Yes,6.2,7.6,95.61
PROP-2452,2772,5,4,Urban,32,2,No,1.7,8.0,135.29
PROP-2453,1035,1,1,Suburban,32,2,Yes,17.9,6.1,24.74
PROP-2454,3931,5,3,Suburban,28,2,No,9.4,7.6,144.78
PROP-2455,1124,2,1,Rural,4,1,No,31.6,6.3,30.94
PROP-2456,1067,1,1,Urban,5,1,No,2.1,8.0,56.12
PROP-2457,3044,3,2,Suburban,30,1,Yes,10.3,7.1,110.6
PROP-2458,3337,5,3,Urban,15,0,No,5.5,7.6,156.49
PROP-2459,1588,3,2,Urban,30,1,Yes,4.9,5.6,67.59
PROP-2460,1604,1,1,Urban,24,2,No,4.5,5.5,66.67
PROP-2461,1525,3,3,Rural,32,1,No,24.0,8.3,39.96
PROP-2462,1412,2,1,Suburban,12,2,Yes,16.1,6.7,54.97
PROP-2463,1852,1,1,Suburban,9,1,Yes,8.8,7.3,72.8
PROP-2464,1855,2,2,Suburban,23,0,No,11.3,6.3,62.42
PROP-2465,1313,2,1,Urban,9,0,No,1.9,8.2,63.11
PROP-2466,674,1,1,Urban,30,1,No,4.6,5.8,28.22
PROP-2467,2640,3,2,Urban,12,1,No,2.5,6.6,124.98
PROP-2468,1853,2,2,Urban,2,0,Yes,3.0,8.1,102.14
PROP-2469,1359,3,2,Suburban,33,1,Yes,11.7,8.7,52.0
PROP-2470,2529,4,3,Suburban,27,1,No,6.3,6.0,86.69
PROP-2471,1834,2,2,Urban,18,1,Yes,1.6,9.9,93.32
PROP-2472,2874,4,3,Urban,22,2,Yes,5.1,7.3,137.55
PROP-2473,934,2,1,Urban,31,2,No,3.6,5.1,42.88
PROP-2474,712,1,1,Suburban,12,1,Yes,16.4,7.4,25.26
PROP-2475,1652,2,2,Rural,32,2,Yes,26.8,6.2,28.4
PROP-2476,1311,1,1,Suburban,33,2,Yes,6.1,7.5,47.66
PROP-2477,3363,4,3,Suburban,32,2,Yes,13.4,6.7,122.08
PROP-2478,2853,4,3,Suburban,4,1,Yes,7.1,6.9,113.28
PROP-2479,2142,3,3,Urban,2,0,Yes,5.7,5.3,114.35
PROP-2480,3770,5,4,Urban,6,2,No,6.9,8.4,191.38
PROP-2481,1616,3,3,Rural,23,1,Yes,24.0,5.0,39.03
PROP-2482,1498,3,2,Suburban,21,3,Yes,14.2,5.0,56.82
PROP-2483,1757,3,2,Urban,22,2,No,2.4,7.4,82.1
PROP-2484,4082,5,3,Suburban,29,1,No,11.3,9.4,146.81
PROP-2485,1338,1,1,Suburban,17,1,Yes,16.3,6.2,48.13
PROP-2486,797,2,2,Suburban,31,1,Yes,8.0,7.9,28.45
PROP-2487,991,1,1,Rural,6,1,No,19.5,8.5,25.66
PROP-2488,3173,5,4,Suburban,32,1,Yes,11.3,8.1,114.87
PROP-2489,1736,3,2,Suburban,4,1,No,14.5,6.3,61.57
PROP-2490,2374,3,3,Urban,27,1,Yes,3.3,5.1,114.52
PROP-2491,2033,3,2,Urban,7,0,No,6.6,3.3,93.62
PROP-2492,3258,4,3,Urban,14,3,No,1.6,6.4,169.42
PROP-2493,976,2,2,Urban,3,0,Yes,3.2,8.7,63.02
PROP-2494,2442,4,3,Suburban,33,3,Yes,14.5,5.0,89.68
PROP-2495,2409,3,2,Suburban,4,3,Yes,8.7,7.9,106.12
PROP-2496,3862,5,4,Urban,32,1,Yes,4.9,5.3,181.56
PROP-2497,1639,2,2,Suburban,4,2,Yes,8.0,7.0,78.88
PROP-2498,2912,5,4,Urban,33,1,No,1.3,7.9,145.61
PROP-2499,3132,4,3,Urban,25,2,No,1.7,5.7,150.22
PROP-2500,1601,1,2,Urban,0,1,No,6.6,7.1,80.25
